school,domicilio,pluscode,nombre_completo,lat,lng,place_1_party,place_1_votes,place_1_percentage,place_2_party,place_2_votes,place_2_percentage,place_3_party,place_3_votes,place_3_percentage,place_4_party,place_4_votes,place_4_percentage,place_5_party,place_5_votes,place_5_percentage,place_6_party,place_6_votes,place_6_percentage,place_7_party,place_7_votes,place_7_percentage,place_8_party,place_8_votes,place_8_percentage,place_9_party,place_9_votes,place_9_percentage,place_10_party,place_10_votes,place_10_percentage,place_11_party,place_11_votes,place_11_percentage,place_12_party,place_12_votes,place_12_percentage,place_13_party,place_13_votes,place_13_percentage,place_14_party,place_14_votes,place_14_percentage,place_15_party,place_15_votes,place_15_percentage,diff_between_1_and_2,diff_norm,votes_norm,marker_size,marker_border_size,icv2010,icv_bucket
Asoc.Alborada Ens.Especial,9 DE JULIO E/CHARLONE Y BARVARD 924,7PM7+2R,ASOCIACION ALBORADA ESCUELA DE ENSEÑANZA ESPECIAL,-38.7174375,-62.2854375,LA LIBERTAD AVANZA,519.0,46.55,FUERZA PATRIA,303.0,27.17,SOMOS BUENOS AIRES,127.0,11.39,FTE DE IZQ. Y DE TRABAJADORES - UNIDAD,59.0,5.29,UNION Y LIBERTAD,26.0,2.33,POTENCIA,23.0,2.06,VALORES REPUBLICANOS,18.0,1.61,POLITICA OBRERA,14.0,1.26,PARTIDO TIEMPO DE TODOS,7.0,0.63,MOVIMIENTO AVANZADA SOCIALISTA,5.0,0.45,CONSTRUYENDO PORVENIR,5.0,0.45,UNION LIBERAL,5.0,0.45,FRENTE PATRIOTA FEDERAL,3.0,0.27,PARTIDO LIBERTARIO,1.0,0.09,ES CON VOS ES CON NOSOTROS,0.0,0.0,19.379999999999995,0.46653827636013473,0.4761467889908257,11.809174311926606,19.189908256880734,8.035715590488225,"[8, 9)"
C.E.N.S. N°454,AV. COLON E/ AVELLANEDA Y BOLIVIA 1233,7PC9+2H,CENTRO EDUCATIVO NIVEL SECUNDARIO Nº454,-38.7299375,-62.281062500000004,LA LIBERTAD AVANZA,291.0,39.17,FUERZA PATRIA,288.0,38.76,SOMOS BUENOS AIRES,53.0,7.13,FTE DE IZQ. Y DE TRABAJADORES - UNIDAD,40.0,5.38,POTENCIA,18.0,2.42,UNION Y LIBERTAD,14.0,1.88,PARTIDO LIBERTARIO,11.0,1.48,POLITICA OBRERA,9.0,1.21,VALORES REPUBLICANOS,7.0,0.94,PARTIDO TIEMPO DE TODOS,5.0,0.67,CONSTRUYENDO PORVENIR,3.0,0.4,MOVIMIENTO AVANZADA SOCIALISTA,3.0,0.4,FRENTE PATRIOTA FEDERAL,1.0,0.13,ES CON VOS ES CON NOSOTROS,0.0,0.0,UNION LIBERAL,0.0,0.0,0.4100000000000037,0.009870004814636584,0.26697247706422017,10.135779816513761,16.470642201834863,7.806441515855164,"[7, 8)"
Centro De Adultos Nº722,MALDONADO 2046,7MHR+6H,CENTRO DE ADULTOS Nº722 BARRIOS DEL SUR,-38.721937499999996,-62.3085625,LA LIBERTAD AVANZA,209.0,39.89,FUERZA PATRIA,191.0,36.45,SOMOS BUENOS AIRES,42.0,8.02,FTE DE IZQ. Y DE TRABAJADORES - UNIDAD,24.0,4.58,UNION Y LIBERTAD,12.0,2.29,VALORES REPUBLICANOS,11.0,2.1,POTENCIA,11.0,2.1,POLITICA OBRERA,10.0,1.91,FRENTE PATRIOTA FEDERAL,5.0,0.95,CONSTRUYENDO PORVENIR,4.0,0.76,PARTIDO TIEMPO DE TODOS,3.0,0.57,MOVIMIENTO AVANZADA SOCIALISTA,2.0,0.38,ES CON VOS ES CON NOSOTROS,0.0,0.0,PARTIDO LIBERTARIO,0.0,0.0,UNION LIBERAL,0.0,0.0,3.4399999999999977,0.08281174771304761,0.19174311926605506,9.53394495412844,15.492660550458716,6.114580133458081,"[6, 7)"
Centro De Formac.Profes.N°402,NECOCHEA 1015,7Q99+QF,CENTRO DE FORMACIÓN PROFESIONAL Nº402 LA PIEDAD,-38.730562500000005,-62.2313125,LA LIBERTAD AVANZA,200.0,46.19,FUERZA PATRIA,142.0,32.79,SOMOS BUENOS AIRES,42.0,9.7,FTE DE IZQ. Y DE TRABAJADORES - UNIDAD,16.0,3.7,UNION Y LIBERTAD,10.0,2.31,VALORES REPUBLICANOS,6.0,1.39,POTENCIA,5.0,1.15,POLITICA OBRERA,5.0,1.15,FRENTE PATRIOTA FEDERAL,2.0,0.46,MOVIMIENTO AVANZADA SOCIALISTA,2.0,0.46,CONSTRUYENDO PORVENIR,1.0,0.23,UNION LIBERAL,1.0,0.23,PARTIDO TIEMPO DE TODOS,1.0,0.23,ES CON VOS ES CON NOSOTROS,0.0,0.0,PARTIDO LIBERTARIO,0.0,0.0,13.399999999999999,0.3225806451612903,0.1834862385321101,9.46788990825688,15.38532110091743,7.513955110471697,"[7, 8)"
Centro De Formac.Profes.N°404,DEAN FUNES 280,7JH5+35,CENTRO DE FORMACIÓN PROFESIONAL Nº404,-38.7223125,-62.3920625,FUERZA PATRIA,16.0,47.06,LA LIBERTAD AVANZA,9.0,26.47,SOMOS BUENOS AIRES,6.0,17.65,FTE DE IZQ. Y DE TRABAJADORES - UNIDAD,2.0,5.88,VALORES REPUBLICANOS,1.0,2.94,FRENTE PATRIOTA FEDERAL,0.0,0.0,ES CON VOS ES CON NOSOTROS,0.0,0.0,MOVIMIENTO AVANZADA SOCIALISTA,0.0,0.0,CONSTRUYENDO PORVENIR,0.0,0.0,PARTIDO LIBERTARIO,0.0,0.0,PARTIDO TIEMPO DE TODOS,0.0,0.0,POTENCIA,0.0,0.0,POLITICA OBRERA,0.0,0.0,UNION LIBERAL,0.0,0.0,UNION Y LIBERTAD,0.0,0.0,20.590000000000003,0.4956668271545499,0.014678899082568808,8.11743119266055,13.190825688073394,7.230622257181516,"[7, 8)"
Colegio Americano,SIXTO LASPIUR 1039,7PJ6+VF,COLEGIO AMERICANO,-38.7178125,-62.2888125,LA LIBERTAD AVANZA,502.0,44.58,FUERZA PATRIA,321.0,28.51,SOMOS BUENOS AIRES,123.0,10.92,FTE DE IZQ. Y DE TRABAJADORES - UNIDAD,54.0,4.8,POTENCIA,32.0,2.84,VALORES REPUBLICANOS,32.0,2.84,UNION Y LIBERTAD,31.0,2.75,POLITICA OBRERA,16.0,1.42,UNION LIBERAL,7.0,0.62,PARTIDO TIEMPO DE TODOS,3.0,0.27,FRENTE PATRIOTA FEDERAL,2.0,0.18,MOVIMIENTO AVANZADA SOCIALISTA,2.0,0.18,CONSTRUYENDO PORVENIR,1.0,0.09,ES CON VOS ES CON NOSOTROS,0.0,0.0,PARTIDO LIBERTARIO,0.0,0.0,16.069999999999997,0.3868560423688011,0.46055045871559636,11.684403669724771,18.987155963302754,7.902242999436892,"[7, 8)"
Colegio Internacional Del Sol,DARRAGUEIRA 45,7PGH+QF,COLEGIO INTERNACIONAL DEL SOL,-38.72306250000001,-62.2713125,LA LIBERTAD AVANZA,343.0,45.19,FUERZA PATRIA,243.0,32.02,SOMOS BUENOS AIRES,81.0,10.67,FTE DE IZQ. Y DE TRABAJADORES - UNIDAD,34.0,4.48,UNION Y LIBERTAD,16.0,2.11,POTENCIA,14.0,1.84,VALORES REPUBLICANOS,10.0,1.32,POLITICA OBRERA,9.0,1.19,MOVIMIENTO AVANZADA SOCIALISTA,4.0,0.53,CONSTRUYENDO PORVENIR,3.0,0.4,FRENTE PATRIOTA FEDERAL,1.0,0.13,PARTIDO TIEMPO DE TODOS,1.0,0.13,ES CON VOS ES CON NOSOTROS,0.0,0.0,PARTIDO LIBERTARIO,0.0,0.0,UNION LIBERAL,0.0,0.0,13.169999999999995,0.3170438131921039,0.3146788990825688,10.51743119266055,17.090825688073394,8.175707127201509,"[8, 9)"
Colegio La Inmaculada (ep/es),BERUTTI 379,7PFM+XC,COLEGIO LA INMACULADA,-38.7250625,-62.266437499999995,LA LIBERTAD AVANZA,745.0,45.9,FUERZA PATRIA,499.0,30.75,SOMOS BUENOS AIRES,157.0,9.67,FTE DE IZQ. Y DE TRABAJADORES - UNIDAD,79.0,4.87,POTENCIA,44.0,2.71,UNION Y LIBERTAD,24.0,1.48,POLITICA OBRERA,16.0,0.99,VALORES REPUBLICANOS,15.0,0.92,UNION LIBERAL,14.0,0.86,MOVIMIENTO AVANZADA SOCIALISTA,10.0,0.62,PARTIDO TIEMPO DE TODOS,9.0,0.55,FRENTE PATRIOTA FEDERAL,6.0,0.37,CONSTRUYENDO PORVENIR,5.0,0.31,ES CON VOS ES CON NOSOTROS,0.0,0.0,PARTIDO LIBERTARIO,0.0,0.0,15.149999999999999,0.36470871449205583,0.6834862385321101,13.46788990825688,21.88532110091743,8.089637098734663,"[8, 9)"
Colegio Maria Auxiliadora,RONDEAU 75,7PJH+WW,INSTITUTO MARIA AUXILIADORA,-38.71768750000001,-62.2701875,LA LIBERTAD AVANZA,659.0,50.89,FUERZA PATRIA,329.0,25.41,SOMOS BUENOS AIRES,130.0,10.04,FTE DE IZQ. Y DE TRABAJADORES - UNIDAD,55.0,4.25,POTENCIA,40.0,3.09,UNION Y LIBERTAD,28.0,2.16,VALORES REPUBLICANOS,20.0,1.54,POLITICA OBRERA,11.0,0.85,UNION LIBERAL,10.0,0.77,MOVIMIENTO AVANZADA SOCIALISTA,4.0,0.31,CONSTRUYENDO PORVENIR,3.0,0.23,PARTIDO LIBERTARIO,3.0,0.23,PARTIDO TIEMPO DE TODOS,2.0,0.15,FRENTE PATRIOTA FEDERAL,1.0,0.08,ES CON VOS ES CON NOSOTROS,0.0,0.0,25.48,0.6133846894559462,0.6045871559633027,12.836697247706422,20.859633027522936,8.211120470492759,"[8, 9)"
Colegio Ntra.Sra.De Pompeya,TENIENTE FARIAS ESQ. 25 DE MAYO 795,7P7G+2Q,ESCUELA NUESTRA SEÑORA DE POMPEYA,-38.7374375,-62.2730625,LA LIBERTAD AVANZA,348.0,41.88,FUERZA PATRIA,272.0,32.73,SOMOS BUENOS AIRES,75.0,9.03,FTE DE IZQ. Y DE TRABAJADORES - UNIDAD,47.0,5.66,UNION Y LIBERTAD,26.0,3.13,VALORES REPUBLICANOS,15.0,1.81,POTENCIA,14.0,1.68,POLITICA OBRERA,11.0,1.32,UNION LIBERAL,10.0,1.2,PARTIDO TIEMPO DE TODOS,6.0,0.72,MOVIMIENTO AVANZADA SOCIALISTA,4.0,0.48,CONSTRUYENDO PORVENIR,2.0,0.24,FRENTE PATRIOTA FEDERAL,1.0,0.12,ES CON VOS ES CON NOSOTROS,0.0,0.0,PARTIDO LIBERTARIO,0.0,0.0,9.150000000000006,0.22026961964371705,0.3192660550458716,10.554128440366974,17.15045871559633,7.348104321457024,"[7, 8)"
Colegio Victoria Ocampo,BROWN 236,7PHM+7P,COLEGIO VICTORIA OCAMPO,-38.7218125,-62.2656875,LA LIBERTAD AVANZA,458.0,43.13,FUERZA PATRIA,414.0,38.98,SOMOS BUENOS AIRES,64.0,6.03,FTE DE IZQ. Y DE TRABAJADORES - UNIDAD,39.0,3.67,VALORES REPUBLICANOS,20.0,1.88,UNION LIBERAL,18.0,1.69,POTENCIA,14.0,1.32,PARTIDO TIEMPO DE TODOS,10.0,0.94,UNION Y LIBERTAD,10.0,0.94,MOVIMIENTO AVANZADA SOCIALISTA,7.0,0.66,FRENTE PATRIOTA FEDERAL,5.0,0.47,CONSTRUYENDO PORVENIR,3.0,0.28,ES CON VOS ES CON NOSOTROS,0.0,0.0,POLITICA OBRERA,0.0,0.0,PARTIDO LIBERTARIO,0.0,0.0,4.150000000000006,0.09990370727010124,0.42018348623853213,11.361467889908257,18.462385321100918,8.290398827367,"[8, 9)"
Ctro.Educ.Complementario N°801,CHICLANA Y MAESTRO PICCIOLI 10 BARRIO VILLA NUEVA,7Q56+X8,CENTRO EDUCATIVO COMPLEMENTARIO Nº1,-38.7400625,-62.2391875,LA LIBERTAD AVANZA,291.0,44.91,FUERZA PATRIA,204.0,31.48,SOMOS BUENOS AIRES,66.0,10.19,FTE DE IZQ. Y DE TRABAJADORES - UNIDAD,23.0,3.55,UNION Y LIBERTAD,13.0,2.01,VALORES REPUBLICANOS,12.0,1.85,POLITICA OBRERA,12.0,1.85,POTENCIA,11.0,1.7,UNION LIBERAL,9.0,1.39,MOVIMIENTO AVANZADA SOCIALISTA,4.0,0.62,PARTIDO TIEMPO DE TODOS,2.0,0.31,FRENTE PATRIOTA FEDERAL,1.0,0.15,ES CON VOS ES CON NOSOTROS,0.0,0.0,CONSTRUYENDO PORVENIR,0.0,0.0,PARTIDO LIBERTARIO,0.0,0.0,13.429999999999996,0.32330284063553194,0.26697247706422017,10.135779816513761,16.470642201834863,6.219052670484495,"[6, 7)"
Esc.De Agr.Y Ganad.Ing.Zabala,AVENIDA CABRERA E/PILMAYQUEN Y SIVORI 3300,8Q47+5Q,ESCUELA DE AGRICULTURA Y GANADERIA ING ADOLFO IZABALA,-38.6945625,-62.2355625,LA LIBERTAD AVANZA,737.0,50.03,FUERZA PATRIA,328.0,22.27,SOMOS BUENOS AIRES,249.0,16.9,FTE DE IZQ. Y DE TRABAJADORES - UNIDAD,59.0,4.01,POTENCIA,39.0,2.65,VALORES REPUBLICANOS,28.0,1.9,UNION Y LIBERTAD,14.0,0.95,POLITICA OBRERA,11.0,0.75,MOVIMIENTO AVANZADA SOCIALISTA,3.0,0.2,CONSTRUYENDO PORVENIR,2.0,0.14,UNION LIBERAL,2.0,0.14,PARTIDO TIEMPO DE TODOS,1.0,0.07,FRENTE PATRIOTA FEDERAL,0.0,0.0,ES CON VOS ES CON NOSOTROS,0.0,0.0,PARTIDO LIBERTARIO,0.0,0.0,27.76,0.6682715454983149,0.6761467889908257,13.409174311926606,21.789908256880736,8.572266102965692,"[8, 9)"
Escuela Jacaranda,MARTINEZ ESTRADA 844,8P5C+R9,ESCUELA JACARANDÁ,-38.6904375,-62.2790625,LA LIBERTAD AVANZA,362.0,54.52,FUERZA PATRIA,152.0,22.89,SOMOS BUENOS AIRES,69.0,10.39,FTE DE IZQ. Y DE TRABAJADORES - UNIDAD,22.0,3.31,VALORES REPUBLICANOS,14.0,2.11,POLITICA OBRERA,13.0,1.96,UNION Y LIBERTAD,12.0,1.81,POTENCIA,9.0,1.36,MOVIMIENTO AVANZADA SOCIALISTA,4.0,0.6,CONSTRUYENDO PORVENIR,2.0,0.3,FRENTE PATRIOTA FEDERAL,2.0,0.3,UNION LIBERAL,2.0,0.3,PARTIDO TIEMPO DE TODOS,1.0,0.15,ES CON VOS ES CON NOSOTROS,0.0,0.0,PARTIDO LIBERTARIO,0.0,0.0,31.630000000000003,0.7614347616754936,0.3321100917431193,10.656880733944954,17.31743119266055,8.179411370120427,"[8, 9)"
Escuela De Adultos N°710,ARAUCANOS 930,7Q6H+V6,ESCUELA DE EDUCACIÓN PRIMARIA DE ADULTOS Nº 710 LAS FORTINERAS,-38.737812500000004,-62.221937499999996,LA LIBERTAD AVANZA,312.0,50.81,FUERZA PATRIA,194.0,31.6,SOMOS BUENOS AIRES,37.0,6.03,FTE DE IZQ. Y DE TRABAJADORES - UNIDAD,24.0,3.91,UNION Y LIBERTAD,13.0,2.12,VALORES REPUBLICANOS,11.0,1.79,POLITICA OBRERA,10.0,1.63,POTENCIA,9.0,1.47,CONSTRUYENDO PORVENIR,2.0,0.33,FRENTE PATRIOTA FEDERAL,1.0,0.16,MOVIMIENTO AVANZADA SOCIALISTA,1.0,0.16,ES CON VOS ES CON NOSOTROS,0.0,0.0,PARTIDO TIEMPO DE TODOS,0.0,0.0,PARTIDO LIBERTARIO,0.0,0.0,UNION LIBERAL,0.0,0.0,19.21,0.4624458353394319,0.28623853211009176,10.289908256880734,16.721100917431194,7.383226914389949,"[7, 8)"
Escuela Educ.Especial N°503,DI SARLI 210,7PX4+43,ESCUELA ESPECIAL Nº503 REPUBLICA DEL PERU,-38.7021875,-62.2948125,LA LIBERTAD AVANZA,403.0,45.85,FUERZA PATRIA,262.0,29.81,SOMOS BUENOS AIRES,90.0,10.24,FTE DE IZQ. Y DE TRABAJADORES - UNIDAD,46.0,5.23,POTENCIA,19.0,2.16,VALORES REPUBLICANOS,14.0,1.59,UNION Y LIBERTAD,14.0,1.59,POLITICA OBRERA,6.0,0.68,UNION LIBERAL,6.0,0.68,MOVIMIENTO AVANZADA SOCIALISTA,6.0,0.68,CONSTRUYENDO PORVENIR,6.0,0.68,PARTIDO TIEMPO DE TODOS,5.0,0.57,FRENTE PATRIOTA FEDERAL,2.0,0.23,ES CON VOS ES CON NOSOTROS,0.0,0.0,PARTIDO LIBERTARIO,0.0,0.0,16.040000000000003,0.38613384689455954,0.3697247706422018,10.957798165137614,17.806422018348623,7.742748636854,"[7, 8)"
Escuela Educ.Especial N°505,BERUTTI 457,7PFM+PQ,ESCUELA ESPECIAL Nº505 HIPOLITO BOUCHARD,-38.7256875,-62.2655625,LA LIBERTAD AVANZA,598.0,49.1,FUERZA PATRIA,343.0,28.16,SOMOS BUENOS AIRES,111.0,9.11,FTE DE IZQ. Y DE TRABAJADORES - UNIDAD,64.0,5.25,POTENCIA,25.0,2.05,VALORES REPUBLICANOS,23.0,1.89,POLITICA OBRERA,19.0,1.56,UNION Y LIBERTAD,14.0,1.15,UNION LIBERAL,7.0,0.57,MOVIMIENTO AVANZADA SOCIALISTA,6.0,0.49,FRENTE PATRIOTA FEDERAL,4.0,0.33,PARTIDO TIEMPO DE TODOS,3.0,0.25,CONSTRUYENDO PORVENIR,1.0,0.08,ES CON VOS ES CON NOSOTROS,0.0,0.0,PARTIDO LIBERTARIO,0.0,0.0,20.94,0.5040924410207029,0.5486238532110091,12.388990825688072,20.13211009174312,8.089637098734663,"[8, 9)"
Escuela Educ.Especial N°508,RECONQUISTA E/LEON DE IRAETA Y KENNEDY 248,7PWR+QP,ESCUELA ESPECIAL Nº508,-38.7030625,-62.2581875,LA LIBERTAD AVANZA,557.0,60.09,FUERZA PATRIA,208.0,22.44,SOMOS BUENOS AIRES,78.0,8.41,FTE DE IZQ. Y DE TRABAJADORES - UNIDAD,30.0,3.24,POTENCIA,14.0,1.51,POLITICA OBRERA,9.0,0.97,UNION LIBERAL,8.0,0.86,UNION Y LIBERTAD,8.0,0.86,VALORES REPUBLICANOS,6.0,0.65,PARTIDO TIEMPO DE TODOS,4.0,0.43,FRENTE PATRIOTA FEDERAL,2.0,0.22,MOVIMIENTO AVANZADA SOCIALISTA,2.0,0.22,CONSTRUYENDO PORVENIR,1.0,0.11,ES CON VOS ES CON NOSOTROS,0.0,0.0,PARTIDO LIBERTARIO,0.0,0.0,37.650000000000006,0.9063553201733271,0.5110091743119266,12.088073394495414,19.643119266055045,8.493670610020333,"[8, 9)"
Escuela Educ.Especial N°509,AVENIDA ALEM (A MTS. CANAL MALDONADO) 1585 PARQUE DE MAYO,8P2H+P2,ESCUELA DE EDUCACIÓN ESPECIAL Nº 509 AZUCENA VILLAFLOR,-38.6981875,-62.272437499999995,LA LIBERTAD AVANZA,646.0,47.22,FUERZA PATRIA,386.0,28.22,SOMOS BUENOS AIRES,149.0,10.89,FTE DE IZQ. Y DE TRABAJADORES - UNIDAD,75.0,5.48,POTENCIA,28.0,2.05,VALORES REPUBLICANOS,26.0,1.9,UNION Y LIBERTAD,17.0,1.24,POLITICA OBRERA,14.0,1.02,UNION LIBERAL,11.0,0.8,PARTIDO TIEMPO DE TODOS,7.0,0.51,MOVIMIENTO AVANZADA SOCIALISTA,5.0,0.37,CONSTRUYENDO PORVENIR,2.0,0.15,FRENTE PATRIOTA FEDERAL,2.0,0.15,ES CON VOS ES CON NOSOTROS,0.0,0.0,PARTIDO LIBERTARIO,0.0,0.0,19.0,0.45739046701974,0.5926605504587156,12.741284403669724,20.704587155963303,8.300391344924801,"[8, 9)"
Escuela Educ.Especial N°510,ROCA Y PARAJE AMAYA 2187 BAJO RONDEAU,7P83+8V,ESCUELA ESPECIAL Nº510 DOCTOR SIXTO LASPIUR,-38.734187500000004,-62.2953125,LA LIBERTAD AVANZA,400.0,40.65,FUERZA PATRIA,373.0,37.91,SOMOS BUENOS AIRES,58.0,5.89,FTE DE IZQ. Y DE TRABAJADORES - UNIDAD,50.0,5.08,POTENCIA,24.0,2.44,UNION Y LIBERTAD,20.0,2.03,POLITICA OBRERA,14.0,1.42,VALORES REPUBLICANOS,13.0,1.32,PARTIDO LIBERTARIO,12.0,1.22,CONSTRUYENDO PORVENIR,6.0,0.61,MOVIMIENTO AVANZADA SOCIALISTA,5.0,0.51,PARTIDO TIEMPO DE TODOS,4.0,0.41,FRENTE PATRIOTA FEDERAL,4.0,0.41,UNION LIBERAL,1.0,0.1,ES CON VOS ES CON NOSOTROS,0.0,0.0,2.740000000000002,0.0659605199807415,0.3669724770642202,10.935779816513762,17.77064220183486,6.151369270933215,"[6, 7)"
Escuela Ep N° 25,FACUNDO QUIROGA 12,8P42+W5,ESCUELA DE EDUCACIÓN PRIMARIA Nº25 GENERAL JUAN GREGORIO LEMOS,-38.6926875,-62.2995625,LA LIBERTAD AVANZA,536.0,49.17,FUERZA PATRIA,310.0,28.44,SOMOS BUENOS AIRES,103.0,9.45,FTE DE IZQ. Y DE TRABAJADORES - UNIDAD,46.0,4.22,VALORES REPUBLICANOS,21.0,1.93,POTENCIA,19.0,1.74,POLITICA OBRERA,15.0,1.38,UNION Y LIBERTAD,15.0,1.38,MOVIMIENTO AVANZADA SOCIALISTA,8.0,0.73,PARTIDO TIEMPO DE TODOS,7.0,0.64,CONSTRUYENDO PORVENIR,5.0,0.46,UNION LIBERAL,3.0,0.28,FRENTE PATRIOTA FEDERAL,2.0,0.18,ES CON VOS ES CON NOSOTROS,0.0,0.0,PARTIDO LIBERTARIO,0.0,0.0,20.73,0.4990370727010111,0.4917431192660551,11.93394495412844,19.392660550458714,6.312886736333612,"[6, 7)"
Escuela Ep N°1,CHICLANA 851,7PFV+Q3,ESCUELA DE EDUCACIÓN PRIMARIA Nº1 NICOLAS AVELLANEDA,-38.725562499999995,-62.25731250000001,LA LIBERTAD AVANZA,501.0,44.85,FUERZA PATRIA,334.0,29.9,SOMOS BUENOS AIRES,125.0,11.19,FTE DE IZQ. Y DE TRABAJADORES - UNIDAD,54.0,4.83,POTENCIA,26.0,2.33,UNION Y LIBERTAD,18.0,1.61,VALORES REPUBLICANOS,16.0,1.43,UNION LIBERAL,12.0,1.07,POLITICA OBRERA,10.0,0.9,MOVIMIENTO AVANZADA SOCIALISTA,9.0,0.81,PARTIDO TIEMPO DE TODOS,5.0,0.45,CONSTRUYENDO PORVENIR,4.0,0.36,FRENTE PATRIOTA FEDERAL,3.0,0.27,ES CON VOS ES CON NOSOTROS,0.0,0.0,PARTIDO LIBERTARIO,0.0,0.0,14.950000000000003,0.3598940779971113,0.4596330275229358,11.677064220183485,18.975229357798163,8.220498069197848,"[8, 9)"
Escuela Ep N°11,BOLIVIA E/ ROCA Y BLANDENGUES 450,7PF7+89,ESCUELA DE EDUCACIÓN PRIMARIA Nº11 DR. RICARDO GUTIERREZ,-38.72668750000001,-62.2865625,LA LIBERTAD AVANZA,654.0,39.81,FUERZA PATRIA,607.0,36.94,SOMOS BUENOS AIRES,130.0,7.91,FTE DE IZQ. Y DE TRABAJADORES - UNIDAD,66.0,4.02,UNION Y LIBERTAD,43.0,2.62,MOVIMIENTO AVANZADA SOCIALISTA,30.0,1.83,POTENCIA,26.0,1.58,PARTIDO LIBERTARIO,21.0,1.28,POLITICA OBRERA,19.0,1.16,VALORES REPUBLICANOS,15.0,0.91,UNION LIBERAL,10.0,0.61,PARTIDO TIEMPO DE TODOS,9.0,0.55,FRENTE PATRIOTA FEDERAL,7.0,0.43,CONSTRUYENDO PORVENIR,6.0,0.37,ES CON VOS ES CON NOSOTROS,0.0,0.0,2.8700000000000045,0.06909003370245557,0.6,12.8,20.8,7.71849835885846,"[7, 8)"
Escuela Ep N°12,GARIBALDI 410,7QC3+RH,ESCUELA DE EDUCACIÓN PRIMARIA Nº12 ALMIRANTE GUILLERMO BROWN,-38.727937499999996,-62.2460625,LA LIBERTAD AVANZA,981.0,49.05,FUERZA PATRIA,573.0,28.65,SOMOS BUENOS AIRES,161.0,8.05,FTE DE IZQ. Y DE TRABAJADORES - UNIDAD,103.0,5.15,POTENCIA,47.0,2.35,VALORES REPUBLICANOS,30.0,1.5,UNION Y LIBERTAD,29.0,1.45,PARTIDO LIBERTARIO,24.0,1.2,POLITICA OBRERA,21.0,1.05,PARTIDO TIEMPO DE TODOS,8.0,0.4,UNION LIBERAL,8.0,0.4,MOVIMIENTO AVANZADA SOCIALISTA,7.0,0.35,FRENTE PATRIOTA FEDERAL,7.0,0.35,CONSTRUYENDO PORVENIR,1.0,0.05,ES CON VOS ES CON NOSOTROS,0.0,0.0,20.4,0.49109292248435243,0.9,15.2,24.700000000000003,7.843247779463569,"[7, 8)"
Escuela Ep N°16/es N°22,MAIPÚ 1653,7Q93+54,ESCUELA DE EDUCACIÓN PRIMARIA Nº16 JOAQUIN V. GONZALEZ,-38.73206250000001,-62.247187499999995,LA LIBERTAD AVANZA,619.0,47.4,FUERZA PATRIA,369.0,28.25,SOMOS BUENOS AIRES,120.0,9.19,FTE DE IZQ. Y DE TRABAJADORES - UNIDAD,60.0,4.59,POTENCIA,34.0,2.6,UNION Y LIBERTAD,28.0,2.14,VALORES REPUBLICANOS,24.0,1.84,POLITICA OBRERA,15.0,1.15,UNION LIBERAL,14.0,1.07,PARTIDO LIBERTARIO,13.0,1.0,MOVIMIENTO AVANZADA SOCIALISTA,5.0,0.38,PARTIDO TIEMPO DE TODOS,3.0,0.23,FRENTE PATRIOTA FEDERAL,2.0,0.15,CONSTRUYENDO PORVENIR,0.0,0.0,ES CON VOS ES CON NOSOTROS,0.0,0.0,19.15,0.4610014443909485,0.5678899082568807,12.543119266055045,20.38256880733945,7.78428202505113,"[7, 8)"
Escuela Ep N°17,JUAN JOSÉ PASSO 1441 PARQUE DE MAYO,8P2H+JJ,ESCUELA DE EDUCACIÓN PRIMARIA Nº17 PRESIDENTE HIPOLITO YRIGOYEN,-38.69843750000001,-62.2709375,LA LIBERTAD AVANZA,529.0,47.96,FUERZA PATRIA,293.0,26.56,SOMOS BUENOS AIRES,114.0,10.34,FTE DE IZQ. Y DE TRABAJADORES - UNIDAD,46.0,4.17,POTENCIA,24.0,2.18,UNION Y LIBERTAD,23.0,2.09,VALORES REPUBLICANOS,20.0,1.81,UNION LIBERAL,15.0,1.36,POLITICA OBRERA,13.0,1.18,PARTIDO TIEMPO DE TODOS,8.0,0.73,FRENTE PATRIOTA FEDERAL,7.0,0.63,MOVIMIENTO AVANZADA SOCIALISTA,7.0,0.63,CONSTRUYENDO PORVENIR,4.0,0.36,ES CON VOS ES CON NOSOTROS,0.0,0.0,PARTIDO LIBERTARIO,0.0,0.0,21.400000000000002,0.5151661049590757,0.4853211009174312,11.88256880733945,19.309174311926604,8.300391344924801,"[8, 9)"
Escuela Ep N°18,GENERAL PAZ E/DORREGO Y LAMADRID 387,7PJV+FH,ESCUELA DE EDUCACIÓN PRIMARIA Nº18 GENERAL JOSÉ DE SAN MARTIN,-38.7188125,-62.2560625,LA LIBERTAD AVANZA,513.0,49.81,FUERZA PATRIA,274.0,26.6,SOMOS BUENOS AIRES,116.0,11.26,FTE DE IZQ. Y DE TRABAJADORES - UNIDAD,44.0,4.27,UNION Y LIBERTAD,20.0,1.94,POTENCIA,17.0,1.65,VALORES REPUBLICANOS,13.0,1.26,PARTIDO LIBERTARIO,9.0,0.87,POLITICA OBRERA,8.0,0.78,UNION LIBERAL,6.0,0.58,CONSTRUYENDO PORVENIR,3.0,0.29,MOVIMIENTO AVANZADA SOCIALISTA,3.0,0.29,PARTIDO TIEMPO DE TODOS,3.0,0.29,FRENTE PATRIOTA FEDERAL,1.0,0.1,ES CON VOS ES CON NOSOTROS,0.0,0.0,23.21,0.5587385652383245,0.4706422018348624,11.765137614678899,19.118348623853212,8.251684408353146,"[8, 9)"
Escuela Ep N°2/es N°6,VIEYTES 51,7PJJ+6G,ESCUELA DE EDUCACIÓN PRIMARIA Nº2 GOBERNADOR VALENTIN VERGARA,-38.7194375,-62.2686875,LA LIBERTAD AVANZA,780.0,53.17,FUERZA PATRIA,360.0,24.54,SOMOS BUENOS AIRES,164.0,11.18,FTE DE IZQ. Y DE TRABAJADORES - UNIDAD,51.0,3.48,POTENCIA,33.0,2.25,POLITICA OBRERA,22.0,1.5,VALORES REPUBLICANOS,21.0,1.43,UNION Y LIBERTAD,16.0,1.09,UNION LIBERAL,11.0,0.75,PARTIDO TIEMPO DE TODOS,3.0,0.2,CONSTRUYENDO PORVENIR,2.0,0.14,MOVIMIENTO AVANZADA SOCIALISTA,2.0,0.14,PARTIDO LIBERTARIO,2.0,0.14,ES CON VOS ES CON NOSOTROS,0.0,0.0,FRENTE PATRIOTA FEDERAL,0.0,0.0,28.630000000000003,0.6892152142513241,0.7155963302752294,13.724770642201836,22.30275229357798,8.335614865453667,"[8, 9)"
Escuela Ep N°22/es N°26,ALMAFUERTE E/BRAVARD Y CHARLONE 947,7PJ7+QC,ESCUELA DE EDUCACIÓN PRIMARIA Nº22 ESPAÑA,-38.7180625,-62.2864375,LA LIBERTAD AVANZA,848.0,48.18,FUERZA PATRIA,506.0,28.75,SOMOS BUENOS AIRES,175.0,9.94,FTE DE IZQ. Y DE TRABAJADORES - UNIDAD,84.0,4.77,POTENCIA,32.0,1.82,VALORES REPUBLICANOS,31.0,1.76,UNION Y LIBERTAD,29.0,1.65,POLITICA OBRERA,26.0,1.48,UNION LIBERAL,11.0,0.62,PARTIDO TIEMPO DE TODOS,6.0,0.34,MOVIMIENTO AVANZADA SOCIALISTA,4.0,0.23,CONSTRUYENDO PORVENIR,3.0,0.17,PARTIDO LIBERTARIO,3.0,0.17,FRENTE PATRIOTA FEDERAL,2.0,0.11,ES CON VOS ES CON NOSOTROS,0.0,0.0,19.43,0.467741935483871,0.7779816513761468,14.223853211009175,23.11376146788991,8.035715590488225,"[8, 9)"
Escuela Ep N°23/es N°38 Anexo,ESTRADA E/PICCIOLI Y E. ROJAS 1675 VILLA ROSAS,6PWV+44,ESCUELA DE EDUCACIÓN PRIMARIA Nº23 JUAN BAUTISTA ALBERDI,-38.7546875,-62.2571875,LA LIBERTAD AVANZA,650.0,40.17,FUERZA PATRIA,634.0,39.18,SOMOS BUENOS AIRES,101.0,6.24,FTE DE IZQ. Y DE TRABAJADORES - UNIDAD,69.0,4.26,POLITICA OBRERA,43.0,2.66,VALORES REPUBLICANOS,32.0,1.98,UNION Y LIBERTAD,32.0,1.98,POTENCIA,26.0,1.61,PARTIDO TIEMPO DE TODOS,14.0,0.87,MOVIMIENTO AVANZADA SOCIALISTA,8.0,0.49,CONSTRUYENDO PORVENIR,7.0,0.43,FRENTE PATRIOTA FEDERAL,2.0,0.12,ES CON VOS ES CON NOSOTROS,0.0,0.0,PARTIDO LIBERTARIO,0.0,0.0,UNION LIBERAL,0.0,0.0,0.990000000000002,0.023832450649975974,0.5963302752293578,12.770642201834862,20.75229357798165,7.450099439620807,"[7, 8)"
Escuela Ep N°24/es N°29,RICCHIERI Y DISARLI 2291,7MJM+55,ESCUELA DE EDUCACIÓN PRIMARIA Nº24 CORONEL SALVADOR MALDONADO,-38.719562499999995,-62.3170625,LA LIBERTAD AVANZA,720.0,39.15,FUERZA PATRIA,659.0,35.83,SOMOS BUENOS AIRES,131.0,7.12,FTE DE IZQ. Y DE TRABAJADORES - UNIDAD,88.0,4.79,UNION Y LIBERTAD,54.0,2.94,POTENCIA,43.0,2.34,VALORES REPUBLICANOS,41.0,2.23,PARTIDO LIBERTARIO,32.0,1.74,POLITICA OBRERA,25.0,1.36,MOVIMIENTO AVANZADA SOCIALISTA,12.0,0.65,FRENTE PATRIOTA FEDERAL,12.0,0.65,CONSTRUYENDO PORVENIR,11.0,0.6,PARTIDO TIEMPO DE TODOS,10.0,0.54,UNION LIBERAL,1.0,0.05,ES CON VOS ES CON NOSOTROS,0.0,0.0,3.3200000000000003,0.0799229658160809,0.6605504587155964,13.284403669724771,21.587155963302752,6.401005977093849,"[6, 7)"
Escuela Ep N°26,CAMINO SESQUICENTENARIO 9650,8PH2+4R,ESCUELA DE EDUCACIÓN PRIMARIA Nº26 PROVINCIA DE TUCUMAN,-38.6721875,-62.2979375,LA LIBERTAD AVANZA,368.0,45.6,FUERZA PATRIA,226.0,28.0,SOMOS BUENOS AIRES,83.0,10.29,POTENCIA,31.0,3.84,FTE DE IZQ. Y DE TRABAJADORES - UNIDAD,31.0,3.84,VALORES REPUBLICANOS,20.0,2.48,UNION Y LIBERTAD,17.0,2.11,UNION LIBERAL,10.0,1.24,POLITICA OBRERA,8.0,0.99,MOVIMIENTO AVANZADA SOCIALISTA,8.0,0.99,PARTIDO TIEMPO DE TODOS,3.0,0.37,CONSTRUYENDO PORVENIR,1.0,0.12,FRENTE PATRIOTA FEDERAL,1.0,0.12,ES CON VOS ES CON NOSOTROS,0.0,0.0,PARTIDO LIBERTARIO,0.0,0.0,17.6,0.42368801155512764,0.3376146788990826,10.70091743119266,17.388990825688076,7.481600103485491,"[7, 8)"
Escuela Ep N°28/es N°32,PAMPA CENTRAL Y DAMASA BOEDO VILLA BORDEU,8M54+6X,ESCUELA DE EDUCACIÓN PRIMARIA Nº28 CORNELIO SAAVEDRA,-38.6919375,-62.3425625,LA LIBERTAD AVANZA,445.0,43.63,FUERZA PATRIA,361.0,35.39,SOMOS BUENOS AIRES,81.0,7.94,FTE DE IZQ. Y DE TRABAJADORES - UNIDAD,36.0,3.53,UNION Y LIBERTAD,27.0,2.65,POTENCIA,22.0,2.16,POLITICA OBRERA,13.0,1.27,VALORES REPUBLICANOS,11.0,1.08,PARTIDO TIEMPO DE TODOS,9.0,0.88,FRENTE PATRIOTA FEDERAL,6.0,0.59,MOVIMIENTO AVANZADA SOCIALISTA,5.0,0.49,CONSTRUYENDO PORVENIR,4.0,0.39,ES CON VOS ES CON NOSOTROS,0.0,0.0,PARTIDO LIBERTARIO,0.0,0.0,UNION LIBERAL,0.0,0.0,8.240000000000002,0.19836302359171887,0.40825688073394495,11.26605504587156,18.307339449541285,6.982544308623834,"[6, 7)"
Escuela Ep N°29,D'ORBIGNY E/ ALSINA Y BELGRANO 156,7PRX+VM,ESCUELA DE EDUCACIÓN PRIMARIA Nº29 DOMINGO FAUSTINO SARMIENTO,-38.7078125,-62.250812499999995,LA LIBERTAD AVANZA,667.0,58.1,FUERZA PATRIA,263.0,22.91,SOMOS BUENOS AIRES,112.0,9.76,FTE DE IZQ. Y DE TRABAJADORES - UNIDAD,35.0,3.05,POTENCIA,23.0,2.0,UNION Y LIBERTAD,19.0,1.66,VALORES REPUBLICANOS,17.0,1.48,MOVIMIENTO AVANZADA SOCIALISTA,3.0,0.26,PARTIDO TIEMPO DE TODOS,2.0,0.17,CONSTRUYENDO PORVENIR,2.0,0.17,POLITICA OBRERA,2.0,0.17,PARTIDO LIBERTARIO,1.0,0.09,FRENTE PATRIOTA FEDERAL,1.0,0.09,UNION LIBERAL,1.0,0.09,ES CON VOS ES CON NOSOTROS,0.0,0.0,35.19,0.8471352912855079,0.6119266055045871,12.895412844036697,20.955045871559633,7.936161187806907,"[7, 8)"
Escuela Ep N°3,TERRADA 449,7PJC+3W,ESCUELA DE EDUCACIÓN PRIMARIA Nº3 BERNARDINO RIVADAVIA,-38.7198125,-62.2776875,LA LIBERTAD AVANZA,805.0,51.01,FUERZA PATRIA,390.0,24.71,SOMOS BUENOS AIRES,178.0,11.28,FTE DE IZQ. Y DE TRABAJADORES - UNIDAD,82.0,5.2,POTENCIA,33.0,2.09,UNION Y LIBERTAD,25.0,1.58,PARTIDO LIBERTARIO,16.0,1.01,VALORES REPUBLICANOS,16.0,1.01,POLITICA OBRERA,15.0,0.95,MOVIMIENTO AVANZADA SOCIALISTA,4.0,0.25,FRENTE PATRIOTA FEDERAL,4.0,0.25,UNION LIBERAL,4.0,0.25,CONSTRUYENDO PORVENIR,3.0,0.19,PARTIDO TIEMPO DE TODOS,3.0,0.19,ES CON VOS ES CON NOSOTROS,0.0,0.0,26.299999999999997,0.633124699085219,0.7385321100917431,13.908256880733944,22.600917431192663,8.322364799648602,"[8, 9)"
Escuela Ep N°30,SAENZ PEÑA Y MEJICO E/ SAENZ PEÑA,6PXM+P3,ESCUELA DE EDUCACIÓN PRIMARIA Nº30 FRAY LUIS BELTRAN,-38.7506875,-62.2673125,LA LIBERTAD AVANZA,724.0,44.25,FUERZA PATRIA,526.0,32.15,SOMOS BUENOS AIRES,127.0,7.76,FTE DE IZQ. Y DE TRABAJADORES - UNIDAD,96.0,5.87,POTENCIA,36.0,2.2,UNION Y LIBERTAD,36.0,2.2,POLITICA OBRERA,25.0,1.53,VALORES REPUBLICANOS,25.0,1.53,UNION LIBERAL,15.0,0.92,PARTIDO TIEMPO DE TODOS,10.0,0.61,FRENTE PATRIOTA FEDERAL,6.0,0.37,MOVIMIENTO AVANZADA SOCIALISTA,6.0,0.37,CONSTRUYENDO PORVENIR,2.0,0.12,PARTIDO LIBERTARIO,2.0,0.12,ES CON VOS ES CON NOSOTROS,0.0,0.0,12.100000000000001,0.29128550794415026,0.6642201834862386,13.313761467889908,21.6348623853211,7.545840050694222,"[7, 8)"
Escuela Ep N°32,SALLIQUELO 400,8Q8M+CF,ESCUELA DE EDUCACIÓN PRIMARIA Nº32 ANTARTIDA ARGENTINA,-38.6839375,-62.2163125,LA LIBERTAD AVANZA,9.0,56.25,FUERZA PATRIA,3.0,18.75,FTE DE IZQ. Y DE TRABAJADORES - UNIDAD,2.0,12.5,SOMOS BUENOS AIRES,1.0,6.25,VALORES REPUBLICANOS,1.0,6.25,FRENTE PATRIOTA FEDERAL,0.0,0.0,ES CON VOS ES CON NOSOTROS,0.0,0.0,MOVIMIENTO AVANZADA SOCIALISTA,0.0,0.0,CONSTRUYENDO PORVENIR,0.0,0.0,PARTIDO LIBERTARIO,0.0,0.0,PARTIDO TIEMPO DE TODOS,0.0,0.0,POTENCIA,0.0,0.0,POLITICA OBRERA,0.0,0.0,UNION LIBERAL,0.0,0.0,UNION Y LIBERTAD,0.0,0.0,37.5,0.9027443428021185,0.008256880733944955,8.06605504587156,13.107339449541284,7.802750376300946,"[7, 8)"
Escuela Ep N°34/es N°36,FITZ ROY 802,7PCG+FQ,ESCUELA DE EDUCACIÓN PRIMARIA Nº34 JOSÉ MANUEL ESTRADA,-38.728812500000004,-62.2730625,LA LIBERTAD AVANZA,787.0,49.4,FUERZA PATRIA,436.0,27.37,SOMOS BUENOS AIRES,127.0,7.97,FTE DE IZQ. Y DE TRABAJADORES - UNIDAD,93.0,5.84,POTENCIA,40.0,2.51,VALORES REPUBLICANOS,35.0,2.2,UNION Y LIBERTAD,29.0,1.82,POLITICA OBRERA,22.0,1.38,CONSTRUYENDO PORVENIR,9.0,0.56,PARTIDO TIEMPO DE TODOS,6.0,0.38,MOVIMIENTO AVANZADA SOCIALISTA,5.0,0.31,FRENTE PATRIOTA FEDERAL,4.0,0.25,ES CON VOS ES CON NOSOTROS,0.0,0.0,PARTIDO LIBERTARIO,0.0,0.0,UNION LIBERAL,0.0,0.0,22.029999999999998,0.5303322099181511,0.7220183486238532,13.776146788990825,22.38623853211009,8.139366939527191,"[8, 9)"
Escuela Ep N°36,PARAJE JUNIN Y PACIFICO 1541,7MGR+C9,ESCUELA DE EDUCACIÓN PRIMARIA Nº36 NUESTRA SEÑORA DE LA PAZ,-38.7239375,-62.309062499999996,LA LIBERTAD AVANZA,622.0,40.97,FUERZA PATRIA,566.0,37.29,SOMOS BUENOS AIRES,107.0,7.05,FTE DE IZQ. Y DE TRABAJADORES - UNIDAD,80.0,5.27,UNION Y LIBERTAD,46.0,3.03,POTENCIA,34.0,2.24,POLITICA OBRERA,22.0,1.45,VALORES REPUBLICANOS,16.0,1.05,CONSTRUYENDO PORVENIR,9.0,0.59,PARTIDO TIEMPO DE TODOS,6.0,0.4,FRENTE PATRIOTA FEDERAL,5.0,0.33,MOVIMIENTO AVANZADA SOCIALISTA,5.0,0.33,ES CON VOS ES CON NOSOTROS,0.0,0.0,PARTIDO LIBERTARIO,0.0,0.0,UNION LIBERAL,0.0,0.0,3.6799999999999997,0.08858931150698122,0.5706422018348624,12.5651376146789,20.418348623853213,6.114580133458081,"[6, 7)"
Escuela Ep N°37/es N°37,O'HIGGINS E/ NUEVA PROVINCIA Y ROJAS 1700,7P88+27,ESCUELA DE EDUCACIÓN PRIMARIA Nº37 CLUB DE LEONES,-38.7349375,-62.2843125,LA LIBERTAD AVANZA,773.0,39.26,FUERZA PATRIA,671.0,34.08,SOMOS BUENOS AIRES,220.0,11.17,FTE DE IZQ. Y DE TRABAJADORES - UNIDAD,103.0,5.23,UNION Y LIBERTAD,44.0,2.23,POTENCIA,38.0,1.93,VALORES REPUBLICANOS,36.0,1.83,POLITICA OBRERA,18.0,0.91,ES CON VOS ES CON NOSOTROS,15.0,0.76,CONSTRUYENDO PORVENIR,14.0,0.71,UNION LIBERAL,12.0,0.61,PARTIDO TIEMPO DE TODOS,11.0,0.56,MOVIMIENTO AVANZADA SOCIALISTA,11.0,0.56,FRENTE PATRIOTA FEDERAL,3.0,0.15,PARTIDO LIBERTARIO,0.0,0.0,5.18,0.12469908521906596,0.7091743119266055,13.673394495412843,22.21926605504587,7.050801129776045,"[7, 8)"
Escuela Ep N°38,PROVINCIAS UNIDAS 226,7Q59+46,ESCUELA DE EDUCACIÓN PRIMARIA Nº38 CNEL. DE MARINA FRANCISCO JOSÉ SEGUI,-38.7421875,-62.2319375,LA LIBERTAD AVANZA,505.0,47.64,FUERZA PATRIA,338.0,31.89,SOMOS BUENOS AIRES,69.0,6.51,POTENCIA,31.0,2.92,FTE DE IZQ. Y DE TRABAJADORES - UNIDAD,31.0,2.92,POLITICA OBRERA,18.0,1.7,PARTIDO LIBERTARIO,17.0,1.6,UNION Y LIBERTAD,16.0,1.51,VALORES REPUBLICANOS,14.0,1.32,UNION LIBERAL,7.0,0.66,PARTIDO TIEMPO DE TODOS,5.0,0.47,CONSTRUYENDO PORVENIR,4.0,0.38,MOVIMIENTO AVANZADA SOCIALISTA,3.0,0.28,FRENTE PATRIOTA FEDERAL,2.0,0.19,ES CON VOS ES CON NOSOTROS,0.0,0.0,15.75,0.37915262397688976,0.463302752293578,11.706422018348624,19.022935779816514,7.407340924312785,"[7, 8)"
Escuela Ep N°39/es N° 12 Anexo I,LA FALDA 475,7PXV+4H,ESCUELA DE EDUCACIÓN PRIMARIA Nº39 RITA RODRIGUEZ DE SAGARI,-38.7021875,-62.2560625,LA LIBERTAD AVANZA,544.0,59.19,FUERZA PATRIA,179.0,19.48,SOMOS BUENOS AIRES,111.0,12.08,FTE DE IZQ. Y DE TRABAJADORES - UNIDAD,26.0,2.83,POTENCIA,24.0,2.61,UNION Y LIBERTAD,15.0,1.63,VALORES REPUBLICANOS,6.0,0.65,POLITICA OBRERA,5.0,0.54,MOVIMIENTO AVANZADA SOCIALISTA,4.0,0.44,UNION LIBERAL,3.0,0.33,CONSTRUYENDO PORVENIR,1.0,0.11,PARTIDO TIEMPO DE TODOS,1.0,0.11,FRENTE PATRIOTA FEDERAL,0.0,0.0,ES CON VOS ES CON NOSOTROS,0.0,0.0,PARTIDO LIBERTARIO,0.0,0.0,39.709999999999994,0.9559460760712565,0.4990825688073395,11.992660550458716,19.488073394495412,8.605832937415252,"[8, 9)"
Escuela Ep N°4,LAMADRID 154,7PMQ+FJ,ESCUELA DE EDUCACIÓN PRIMARIA Nº4 GENERAL BARTOLOME MITRE,-38.7163125,-62.26093750000001,LA LIBERTAD AVANZA,799.0,53.88,FUERZA PATRIA,358.0,24.14,SOMOS BUENOS AIRES,144.0,9.71,FTE DE IZQ. Y DE TRABAJADORES - UNIDAD,68.0,4.59,POTENCIA,34.0,2.29,VALORES REPUBLICANOS,19.0,1.28,PARTIDO LIBERTARIO,14.0,0.94,UNION Y LIBERTAD,14.0,0.94,POLITICA OBRERA,14.0,0.94,UNION LIBERAL,6.0,0.4,PARTIDO TIEMPO DE TODOS,5.0,0.34,FRENTE PATRIOTA FEDERAL,4.0,0.27,CONSTRUYENDO PORVENIR,2.0,0.13,MOVIMIENTO AVANZADA SOCIALISTA,2.0,0.13,ES CON VOS ES CON NOSOTROS,0.0,0.0,29.740000000000002,0.7159364467982668,0.7330275229357798,13.864220183486239,22.529357798165137,8.5140040543162,"[8, 9)"
Escuela Ep N°40/es N°38 Anexo 2,NUEVA PROVINCIA SALADERO,6QJ5+M3,ESCUELA DE EDUCACIÓN PRIMARIA Nº40 JUAN VUCETICH,-38.7683125,-62.24231250000001,FUERZA PATRIA,37.0,56.92,VALORES REPUBLICANOS,10.0,15.38,SOMOS BUENOS AIRES,8.0,12.31,FTE DE IZQ. Y DE TRABAJADORES - UNIDAD,4.0,6.15,LA LIBERTAD AVANZA,3.0,4.62,MOVIMIENTO AVANZADA SOCIALISTA,2.0,3.08,PARTIDO TIEMPO DE TODOS,1.0,1.54,ES CON VOS ES CON NOSOTROS,0.0,0.0,CONSTRUYENDO PORVENIR,0.0,0.0,FRENTE PATRIOTA FEDERAL,0.0,0.0,PARTIDO LIBERTARIO,0.0,0.0,POTENCIA,0.0,0.0,POLITICA OBRERA,0.0,0.0,UNION LIBERAL,0.0,0.0,UNION Y LIBERTAD,0.0,0.0,41.54,1.0,0.03394495412844037,8.271559633027524,13.441284403669725,5.7462957761603,"[5, 6)"
Escuela Ep N°45/es N°44,PESQUERO NARWAL 3990,6QWC+8R,ESCUELA DE EDUCACIÓN PRIMARIA Nº45 SANTA ROSA DE LIMA,-38.7541875,-62.227937499999996,LA LIBERTAD AVANZA,692.0,44.05,FUERZA PATRIA,478.0,30.43,SOMOS BUENOS AIRES,134.0,8.53,FTE DE IZQ. Y DE TRABAJADORES - UNIDAD,68.0,4.33,POTENCIA,44.0,2.8,VALORES REPUBLICANOS,34.0,2.16,UNION Y LIBERTAD,33.0,2.1,PARTIDO LIBERTARIO,27.0,1.72,POLITICA OBRERA,26.0,1.65,MOVIMIENTO AVANZADA SOCIALISTA,12.0,0.76,FRENTE PATRIOTA FEDERAL,12.0,0.76,PARTIDO TIEMPO DE TODOS,8.0,0.51,CONSTRUYENDO PORVENIR,3.0,0.19,ES CON VOS ES CON NOSOTROS,0.0,0.0,UNION LIBERAL,0.0,0.0,13.619999999999997,0.32787674530572936,0.634862385321101,13.078899082568807,21.253211009174315,6.288659635164458,"[6, 7)"
Escuela Ep N°46,BALBOA E/ PUNTA ALTA Y FOURNIER 2150,7QC8+2C,ESCUELA DE EDUCACIÓN PRIMARIA Nº46 COMANDANTE SEAVER,-38.7299375,-62.233937499999996,LA LIBERTAD AVANZA,593.0,46.22,FUERZA PATRIA,388.0,30.24,SOMOS BUENOS AIRES,91.0,7.09,FTE DE IZQ. Y DE TRABAJADORES - UNIDAD,68.0,5.3,POTENCIA,32.0,2.49,VALORES REPUBLICANOS,30.0,2.34,POLITICA OBRERA,23.0,1.79,UNION Y LIBERTAD,22.0,1.71,PARTIDO LIBERTARIO,16.0,1.25,MOVIMIENTO AVANZADA SOCIALISTA,8.0,0.62,PARTIDO TIEMPO DE TODOS,6.0,0.47,CONSTRUYENDO PORVENIR,4.0,0.31,FRENTE PATRIOTA FEDERAL,2.0,0.16,ES CON VOS ES CON NOSOTROS,0.0,0.0,UNION LIBERAL,0.0,0.0,15.98,0.38468945594607606,0.5440366972477064,12.352293577981651,20.072477064220184,7.396605913260837,"[7, 8)"
Escuela Ep N°47,PAUNERO E/ P. PICO Y MISIONES 1059,7P5H+JM,ESCUELA DE EDUCACIÓN PRIMARIA Nº47 CORONEL RAMON ESTOMBA,-38.7409375,-62.2708125,LA LIBERTAD AVANZA,425.0,35.36,FUERZA PATRIA,375.0,31.2,SOMOS BUENOS AIRES,121.0,10.07,UNION LIBERAL,90.0,7.49,FTE DE IZQ. Y DE TRABAJADORES - UNIDAD,64.0,5.32,UNION Y LIBERTAD,31.0,2.58,POTENCIA,25.0,2.08,VALORES REPUBLICANOS,23.0,1.91,POLITICA OBRERA,17.0,1.41,MOVIMIENTO AVANZADA SOCIALISTA,14.0,1.16,PARTIDO TIEMPO DE TODOS,8.0,0.67,FRENTE PATRIOTA FEDERAL,7.0,0.58,CONSTRUYENDO PORVENIR,2.0,0.17,ES CON VOS ES CON NOSOTROS,0.0,0.0,PARTIDO LIBERTARIO,0.0,0.0,4.16,0.10014443909484834,0.38990825688073394,11.119266055045872,18.068807339449542,7.394722355750779,"[7, 8)"
Escuela Ep N°48,FABIAN GONZALEZ 290,8M2X+HM,ESCUELA DE EDUCACIÓN PRIMARIA Nº48 EDUARDO MALLEA,-38.6985625,-62.3008125,LA LIBERTAD AVANZA,486.0,44.3,FUERZA PATRIA,335.0,30.54,SOMOS BUENOS AIRES,106.0,9.66,FTE DE IZQ. Y DE TRABAJADORES - UNIDAD,60.0,5.47,UNION Y LIBERTAD,34.0,3.1,POTENCIA,20.0,1.82,POLITICA OBRERA,16.0,1.46,MOVIMIENTO AVANZADA SOCIALISTA,13.0,1.19,VALORES REPUBLICANOS,11.0,1.0,CONSTRUYENDO PORVENIR,8.0,0.73,PARTIDO TIEMPO DE TODOS,5.0,0.46,FRENTE PATRIOTA FEDERAL,3.0,0.27,ES CON VOS ES CON NOSOTROS,0.0,0.0,PARTIDO LIBERTARIO,0.0,0.0,UNION LIBERAL,0.0,0.0,13.759999999999998,0.3312469908521906,0.44587155963302755,11.56697247706422,18.79633027522936,7.366016669578201,"[7, 8)"
Escuela Ep N°5/es N°40,DARREGUEIRA 446,7PFM+F9,ESCUELA DE EDUCACIÓN PRIMARIA Nº5 NUESTRA SEÑORA DE LA MERCED,-38.7263125,-62.2665625,LA LIBERTAD AVANZA,996.0,48.23,FUERZA PATRIA,627.0,30.36,SOMOS BUENOS AIRES,172.0,8.33,FTE DE IZQ. Y DE TRABAJADORES - UNIDAD,91.0,4.41,POTENCIA,47.0,2.28,VALORES REPUBLICANOS,32.0,1.55,UNION Y LIBERTAD,29.0,1.4,POLITICA OBRERA,23.0,1.11,FRENTE PATRIOTA FEDERAL,14.0,0.68,MOVIMIENTO AVANZADA SOCIALISTA,12.0,0.58,CONSTRUYENDO PORVENIR,8.0,0.39,UNION LIBERAL,7.0,0.34,PARTIDO TIEMPO DE TODOS,7.0,0.34,ES CON VOS ES CON NOSOTROS,0.0,0.0,PARTIDO LIBERTARIO,0.0,0.0,17.869999999999997,0.4301877708233028,0.9137614678899083,15.310091743119266,24.878899082568807,8.089637098734663,"[8, 9)"
Escuela Ep N°50/es N°35,PILCANIYEN 755,7Q5H+6V,ESCUELA DE EDUCACIÓN PRIMARIA Nº50 MIGUEL CANE,-38.7419375,-62.2203125,LA LIBERTAD AVANZA,647.0,40.62,FUERZA PATRIA,577.0,36.22,SOMOS BUENOS AIRES,127.0,7.97,FTE DE IZQ. Y DE TRABAJADORES - UNIDAD,75.0,4.71,UNION Y LIBERTAD,43.0,2.7,POTENCIA,39.0,2.45,POLITICA OBRERA,33.0,2.07,PARTIDO LIBERTARIO,21.0,1.32,VALORES REPUBLICANOS,13.0,0.82,PARTIDO TIEMPO DE TODOS,8.0,0.5,MOVIMIENTO AVANZADA SOCIALISTA,6.0,0.38,CONSTRUYENDO PORVENIR,3.0,0.19,FRENTE PATRIOTA FEDERAL,1.0,0.06,ES CON VOS ES CON NOSOTROS,0.0,0.0,UNION LIBERAL,0.0,0.0,4.399999999999999,0.10592200288878187,0.5935779816513761,12.748623853211008,20.71651376146789,5.902293773634003,"[5, 6)"
Escuela Ep N°52/es N°38,TARIJA 1295,6QV3+3H,ESCUELA DE EDUCACIÓN PRIMARIA Nº52 SAN FRANCISCO DEL MONTE,-38.75731250000001,-62.2460625,FUERZA PATRIA,377.0,38.83,LA LIBERTAD AVANZA,356.0,36.66,SOMOS BUENOS AIRES,61.0,6.28,FTE DE IZQ. Y DE TRABAJADORES - UNIDAD,43.0,4.43,UNION Y LIBERTAD,29.0,2.99,POLITICA OBRERA,27.0,2.78,VALORES REPUBLICANOS,23.0,2.37,POTENCIA,20.0,2.06,PARTIDO TIEMPO DE TODOS,14.0,1.44,CONSTRUYENDO PORVENIR,10.0,1.03,FRENTE PATRIOTA FEDERAL,6.0,0.62,MOVIMIENTO AVANZADA SOCIALISTA,5.0,0.51,ES CON VOS ES CON NOSOTROS,0.0,0.0,PARTIDO LIBERTARIO,0.0,0.0,UNION LIBERAL,0.0,0.0,2.1700000000000017,0.052238805970149294,0.3458715596330275,10.76697247706422,17.496330275229358,5.751356944582358,"[5, 6)"
Escuela Ep N°54,FOURNIER ESQ. C. MONTERO 42,7Q74+HQ,ESCUELA DE EDUCACIÓN PRIMARIA Nº54 CONSTANCIO C. VIGIL,-38.7360625,-62.2430625,LA LIBERTAD AVANZA,618.0,42.24,FUERZA PATRIA,529.0,36.16,SOMOS BUENOS AIRES,103.0,7.04,FTE DE IZQ. Y DE TRABAJADORES - UNIDAD,75.0,5.13,UNION Y LIBERTAD,44.0,3.01,POTENCIA,31.0,2.12,POLITICA OBRERA,20.0,1.37,UNION LIBERAL,16.0,1.09,VALORES REPUBLICANOS,15.0,1.03,CONSTRUYENDO PORVENIR,5.0,0.34,PARTIDO LIBERTARIO,3.0,0.21,FRENTE PATRIOTA FEDERAL,2.0,0.14,PARTIDO TIEMPO DE TODOS,2.0,0.14,MOVIMIENTO AVANZADA SOCIALISTA,0.0,0.0,ES CON VOS ES CON NOSOTROS,0.0,0.0,6.080000000000005,0.14636494944631695,0.5669724770642202,12.535779816513761,20.370642201834862,7.856870902484896,"[7, 8)"
Escuela Ep N°55/es N°39,AVELLANEDA E/INGLATERRA Y MALDONADO 1731,7PP2+65,ESCUELA DE EDUCACIÓN PRIMARIA Nº55 ALMAFUERTE,-38.7144375,-62.2995625,LA LIBERTAD AVANZA,542.0,41.53,FUERZA PATRIA,469.0,35.94,SOMOS BUENOS AIRES,87.0,6.67,FTE DE IZQ. Y DE TRABAJADORES - UNIDAD,81.0,6.21,POTENCIA,29.0,2.22,UNION Y LIBERTAD,23.0,1.76,POLITICA OBRERA,21.0,1.61,VALORES REPUBLICANOS,19.0,1.46,MOVIMIENTO AVANZADA SOCIALISTA,12.0,0.92,CONSTRUYENDO PORVENIR,8.0,0.61,FRENTE PATRIOTA FEDERAL,7.0,0.54,PARTIDO TIEMPO DE TODOS,6.0,0.46,PARTIDO LIBERTARIO,1.0,0.08,ES CON VOS ES CON NOSOTROS,0.0,0.0,UNION LIBERAL,0.0,0.0,5.590000000000003,0.13456909003370254,0.4972477064220184,11.977981651376147,19.46422018348624,7.603843886749989,"[7, 8)"
Escuela Ep N°57/es N°41 Anexo 2,REMEDIOS DE ESCALADA Y BOUCHARD 1499,7QG8+XF,ESCUELA DE EDUCACIÓN PRIMARIA Nº57 COMANDANTE LUIS PIEDRA BUENA,-38.722562499999995,-62.2338125,LA LIBERTAD AVANZA,878.0,43.02,FUERZA PATRIA,710.0,34.79,SOMOS BUENOS AIRES,164.0,8.04,FTE DE IZQ. Y DE TRABAJADORES - UNIDAD,105.0,5.14,UNION Y LIBERTAD,44.0,2.16,VALORES REPUBLICANOS,41.0,2.01,POTENCIA,40.0,1.96,POLITICA OBRERA,21.0,1.03,UNION LIBERAL,13.0,0.64,MOVIMIENTO AVANZADA SOCIALISTA,9.0,0.44,CONSTRUYENDO PORVENIR,6.0,0.29,PARTIDO TIEMPO DE TODOS,6.0,0.29,FRENTE PATRIOTA FEDERAL,4.0,0.2,ES CON VOS ES CON NOSOTROS,0.0,0.0,PARTIDO LIBERTARIO,0.0,0.0,8.230000000000004,0.1981222917669717,0.8055045871559633,14.444036697247707,23.471559633027525,7.670268920845001,"[7, 8)"
Escuela Ep N°59,NICOLAS LEVALLE E/ CHUBUT Y RIO NEGRO 1435,6PXG+X9,ESCUELA DE EDUCACIÓN PRIMARIA Nº59 CIUDAD DE BAHIA BLANCA,-38.7500625,-62.2740625,LA LIBERTAD AVANZA,704.0,43.06,FUERZA PATRIA,546.0,33.39,SOMOS BUENOS AIRES,141.0,8.62,FTE DE IZQ. Y DE TRABAJADORES - UNIDAD,60.0,3.67,UNION Y LIBERTAD,54.0,3.3,POLITICA OBRERA,35.0,2.14,POTENCIA,35.0,2.14,VALORES REPUBLICANOS,26.0,1.59,CONSTRUYENDO PORVENIR,10.0,0.61,PARTIDO TIEMPO DE TODOS,9.0,0.55,MOVIMIENTO AVANZADA SOCIALISTA,8.0,0.49,FRENTE PATRIOTA FEDERAL,7.0,0.43,ES CON VOS ES CON NOSOTROS,0.0,0.0,PARTIDO LIBERTARIO,0.0,0.0,UNION LIBERAL,0.0,0.0,9.670000000000002,0.23278767453057297,0.6458715596330276,13.16697247706422,21.39633027522936,7.247319506964309,"[7, 8)"
Escuela Ep N°6/es N°20,CARONTI 54,7PPH+PH,ESCUELA DE EDUCACIÓN PRIMARIA Nº6 JULIO ARGENTINO ROCA,-38.713187500000004,-62.2710625,LA LIBERTAD AVANZA,966.0,55.58,FUERZA PATRIA,379.0,21.81,SOMOS BUENOS AIRES,174.0,10.01,FTE DE IZQ. Y DE TRABAJADORES - UNIDAD,88.0,5.06,POTENCIA,44.0,2.53,VALORES REPUBLICANOS,31.0,1.78,UNION Y LIBERTAD,27.0,1.55,POLITICA OBRERA,12.0,0.69,PARTIDO TIEMPO DE TODOS,7.0,0.4,MOVIMIENTO AVANZADA SOCIALISTA,3.0,0.17,CONSTRUYENDO PORVENIR,3.0,0.17,UNION LIBERAL,3.0,0.17,FRENTE PATRIOTA FEDERAL,1.0,0.06,ES CON VOS ES CON NOSOTROS,0.0,0.0,PARTIDO LIBERTARIO,0.0,0.0,33.769999999999996,0.812951372171401,0.8862385321100917,15.089908256880733,24.52110091743119,8.288513058097774,"[8, 9)"
Escuela Ep N°61/es N°34,MANUEL MOLINA E/DON BOSCO Y LIBANO 1462,7MJX+RM,ESCUELA DE EDUCACIÓN PRIMARIA Nº61 INDEPENDENCIA,-38.717937500000005,-62.3008125,LA LIBERTAD AVANZA,507.0,40.72,FUERZA PATRIA,463.0,37.19,SOMOS BUENOS AIRES,86.0,6.91,FTE DE IZQ. Y DE TRABAJADORES - UNIDAD,60.0,4.82,UNION Y LIBERTAD,33.0,2.65,POTENCIA,27.0,2.17,VALORES REPUBLICANOS,20.0,1.61,POLITICA OBRERA,16.0,1.29,UNION LIBERAL,8.0,0.64,MOVIMIENTO AVANZADA SOCIALISTA,8.0,0.64,CONSTRUYENDO PORVENIR,8.0,0.64,PARTIDO TIEMPO DE TODOS,5.0,0.4,FRENTE PATRIOTA FEDERAL,4.0,0.32,ES CON VOS ES CON NOSOTROS,0.0,0.0,PARTIDO LIBERTARIO,0.0,0.0,3.530000000000001,0.08497833413577278,0.4651376146788991,11.721100917431192,19.04678899082569,6.789375911623751,"[6, 7)"
Escuela Ep N°62,YAPEYU 1279,7QQ3+76,ESCUELA DE EDUCACIÓN PRIMARIA Nº62 MANUEL LAINEZ,-38.7118125,-62.2469375,LA LIBERTAD AVANZA,669.0,51.19,FUERZA PATRIA,376.0,28.77,SOMOS BUENOS AIRES,103.0,7.88,FTE DE IZQ. Y DE TRABAJADORES - UNIDAD,64.0,4.9,POTENCIA,33.0,2.52,UNION Y LIBERTAD,15.0,1.15,POLITICA OBRERA,14.0,1.07,UNION LIBERAL,11.0,0.84,PARTIDO LIBERTARIO,11.0,0.84,PARTIDO TIEMPO DE TODOS,4.0,0.31,CONSTRUYENDO PORVENIR,3.0,0.23,MOVIMIENTO AVANZADA SOCIALISTA,3.0,0.23,FRENTE PATRIOTA FEDERAL,1.0,0.08,ES CON VOS ES CON NOSOTROS,0.0,0.0,VALORES REPUBLICANOS,0.0,0.0,22.419999999999998,0.5397207510832932,0.6137614678899083,12.910091743119267,20.97889908256881,7.374119787182653,"[7, 8)"
Escuela Ep N°63,VICENTE LOPEZ E/BRASIL Y PARANA 1331,7PV8+3X,ESCUELA DE EDUCACIÓN PRIMARIA Nº63 PERITO FRANCISCO MORENO,-38.7073125,-62.28256250000001,LA LIBERTAD AVANZA,629.0,48.5,FUERZA PATRIA,361.0,27.83,SOMOS BUENOS AIRES,132.0,10.18,FTE DE IZQ. Y DE TRABAJADORES - UNIDAD,55.0,4.24,POTENCIA,32.0,2.47,VALORES REPUBLICANOS,28.0,2.16,UNION Y LIBERTAD,26.0,2.0,POLITICA OBRERA,17.0,1.31,PARTIDO TIEMPO DE TODOS,7.0,0.54,MOVIMIENTO AVANZADA SOCIALISTA,5.0,0.39,CONSTRUYENDO PORVENIR,3.0,0.23,FRENTE PATRIOTA FEDERAL,2.0,0.15,ES CON VOS ES CON NOSOTROS,0.0,0.0,PARTIDO LIBERTARIO,0.0,0.0,UNION LIBERAL,0.0,0.0,20.67,0.49759268175252774,0.5770642201834862,12.616513761467889,20.501834862385323,8.135809128563668,"[8, 9)"
Escuela Ep N°65/es N°43,TIERRA DEL FUEGO ESQ. UNDIANO 621,7P6C+MR,ESCUELA DE EDUCACIÓN PRIMARIA Nº65 REMEDIOS DE ESCALADA DE SAN MARTIN,-38.7383125,-62.2779375,LA LIBERTAD AVANZA,675.0,36.8,FUERZA PATRIA,643.0,35.06,SOMOS BUENOS AIRES,226.0,12.32,FTE DE IZQ. Y DE TRABAJADORES - UNIDAD,103.0,5.62,POTENCIA,38.0,2.07,POLITICA OBRERA,34.0,1.85,UNION Y LIBERTAD,34.0,1.85,VALORES REPUBLICANOS,28.0,1.53,PARTIDO TIEMPO DE TODOS,13.0,0.71,MOVIMIENTO AVANZADA SOCIALISTA,12.0,0.65,CONSTRUYENDO PORVENIR,11.0,0.6,FRENTE PATRIOTA FEDERAL,9.0,0.49,UNION LIBERAL,7.0,0.38,PARTIDO LIBERTARIO,1.0,0.05,ES CON VOS ES CON NOSOTROS,0.0,0.0,1.7399999999999949,0.041887337506018175,0.6192660550458715,12.954128440366972,21.050458715596328,7.522795997210981,"[7, 8)"
Escuela Ep N°66/es N°42,GENERAL ARTIGAS E/ PATRICIOS Y HOLDICH 610,7PF5+9X,ESCUELA DE EDUCACIÓN PRIMARIA Nº66 SANTA CRUZ,-38.7265625,-62.290062500000005,LA LIBERTAD AVANZA,675.0,42.43,FUERZA PATRIA,552.0,34.7,SOMOS BUENOS AIRES,116.0,7.29,FTE DE IZQ. Y DE TRABAJADORES - UNIDAD,93.0,5.85,UNION Y LIBERTAD,33.0,2.07,VALORES REPUBLICANOS,28.0,1.76,POTENCIA,28.0,1.76,UNION LIBERAL,20.0,1.26,MOVIMIENTO AVANZADA SOCIALISTA,12.0,0.75,PARTIDO TIEMPO DE TODOS,8.0,0.5,CONSTRUYENDO PORVENIR,7.0,0.44,POLITICA OBRERA,7.0,0.44,PARTIDO LIBERTARIO,7.0,0.44,FRENTE PATRIOTA FEDERAL,5.0,0.31,ES CON VOS ES CON NOSOTROS,0.0,0.0,7.729999999999997,0.18608570052960993,0.6192660550458715,12.954128440366972,21.050458715596328,6.628375693894205,"[6, 7)"
Escuela Ep N°67,PEDRO PICO 513,7P9Q+56,ESCUELA DE EDUCACIÓN PRIMARIA Nº67 CORONEL DE MARINA TOMAS ESPORA,-38.73206250000001,-62.2619375,LA LIBERTAD AVANZA,880.0,50.6,FUERZA PATRIA,496.0,28.52,SOMOS BUENOS AIRES,154.0,8.86,FTE DE IZQ. Y DE TRABAJADORES - UNIDAD,86.0,4.95,UNION Y LIBERTAD,35.0,2.01,POTENCIA,29.0,1.67,VALORES REPUBLICANOS,21.0,1.21,POLITICA OBRERA,20.0,1.15,PARTIDO TIEMPO DE TODOS,7.0,0.4,MOVIMIENTO AVANZADA SOCIALISTA,5.0,0.29,CONSTRUYENDO PORVENIR,4.0,0.23,FRENTE PATRIOTA FEDERAL,2.0,0.12,ES CON VOS ES CON NOSOTROS,0.0,0.0,PARTIDO LIBERTARIO,0.0,0.0,UNION LIBERAL,0.0,0.0,22.080000000000002,0.5315358690418874,0.8073394495412844,14.458715596330276,23.4954128440367,8.01625610339884,"[8, 9)"
Escuela Ep N°69,RAYEN Y QUILLEN,8Q2J+H2,ESCUELA DE EDUCACIÓN PRIMARIA Nº69 CAMPAÑA AL DESIERTO,-38.6985625,-62.2199375,LA LIBERTAD AVANZA,817.0,52.41,FUERZA PATRIA,426.0,27.33,SOMOS BUENOS AIRES,152.0,9.75,FTE DE IZQ. Y DE TRABAJADORES - UNIDAD,52.0,3.34,POTENCIA,36.0,2.31,UNION Y LIBERTAD,21.0,1.35,VALORES REPUBLICANOS,17.0,1.09,POLITICA OBRERA,11.0,0.71,UNION LIBERAL,8.0,0.51,MOVIMIENTO AVANZADA SOCIALISTA,7.0,0.45,CONSTRUYENDO PORVENIR,5.0,0.32,PARTIDO TIEMPO DE TODOS,5.0,0.32,FRENTE PATRIOTA FEDERAL,2.0,0.13,ES CON VOS ES CON NOSOTROS,0.0,0.0,PARTIDO LIBERTARIO,0.0,0.0,25.08,0.6037554164660568,0.7495412844036697,13.996330275229358,22.744036697247708,8.179211348442982,"[8, 9)"
Escuela Ep N°7/es N°21,19 DE MAYO 349,7PQP+32,ESCUELA DE EDUCACIÓN PRIMARIA Nº7 SARGENTO JUAN BAUTISTA CABRAL,-38.712312499999996,-62.2649375,LA LIBERTAD AVANZA,915.0,52.86,FUERZA PATRIA,401.0,23.17,SOMOS BUENOS AIRES,210.0,12.13,FTE DE IZQ. Y DE TRABAJADORES - UNIDAD,81.0,4.68,POTENCIA,46.0,2.66,UNION Y LIBERTAD,26.0,1.5,POLITICA OBRERA,12.0,0.69,UNION LIBERAL,12.0,0.69,VALORES REPUBLICANOS,12.0,0.69,MOVIMIENTO AVANZADA SOCIALISTA,7.0,0.4,PARTIDO TIEMPO DE TODOS,6.0,0.35,PARTIDO LIBERTARIO,3.0,0.17,ES CON VOS ES CON NOSOTROS,0.0,0.0,FRENTE PATRIOTA FEDERAL,0.0,0.0,CONSTRUYENDO PORVENIR,0.0,0.0,29.689999999999998,0.7147327876745305,0.8394495412844036,14.715596330275229,23.912844036697248,8.449751403499752,"[8, 9)"
Escuela Ep N°70/es N°25,INGENIERO LUIGGI . 2701,7P27+JR,ESCUELA DE EDUCACIÓN PRIMARIA Nº70 MARTÍN MIGUEL DE GÜEMES,-38.7484375,-62.2854375,LA LIBERTAD AVANZA,478.0,41.24,FUERZA PATRIA,406.0,35.03,SOMOS BUENOS AIRES,104.0,8.97,FTE DE IZQ. Y DE TRABAJADORES - UNIDAD,55.0,4.75,POTENCIA,31.0,2.67,UNION Y LIBERTAD,28.0,2.42,VALORES REPUBLICANOS,19.0,1.64,POLITICA OBRERA,17.0,1.47,MOVIMIENTO AVANZADA SOCIALISTA,8.0,0.69,PARTIDO TIEMPO DE TODOS,5.0,0.43,CONSTRUYENDO PORVENIR,4.0,0.35,FRENTE PATRIOTA FEDERAL,4.0,0.35,ES CON VOS ES CON NOSOTROS,0.0,0.0,PARTIDO LIBERTARIO,0.0,0.0,UNION LIBERAL,0.0,0.0,6.210000000000001,0.14949446316803083,0.43853211009174314,11.508256880733946,18.70091743119266,6.375036451798206,"[6, 7)"
Escuela Ep N°72/ Es N° 41 Anexo 1,HUAURA Y BOIGORRIA 1800,7QCJ+77,ESCUELA DE EDUCACIÓN PRIMARIA Nº72 EZEQUIEL MARTINEZ ESTRADA,-38.7293125,-62.2193125,LA LIBERTAD AVANZA,408.0,50.0,FUERZA PATRIA,242.0,29.66,SOMOS BUENOS AIRES,53.0,6.5,FTE DE IZQ. Y DE TRABAJADORES - UNIDAD,34.0,4.17,UNION Y LIBERTAD,23.0,2.82,POTENCIA,16.0,1.96,POLITICA OBRERA,13.0,1.59,VALORES REPUBLICANOS,9.0,1.1,PARTIDO TIEMPO DE TODOS,6.0,0.74,MOVIMIENTO AVANZADA SOCIALISTA,5.0,0.61,CONSTRUYENDO PORVENIR,5.0,0.61,UNION LIBERAL,1.0,0.12,FRENTE PATRIOTA FEDERAL,1.0,0.12,ES CON VOS ES CON NOSOTROS,0.0,0.0,PARTIDO LIBERTARIO,0.0,0.0,20.34,0.48964853153586907,0.3743119266055046,10.994495412844037,17.866055045871562,7.065822456279045,"[7, 8)"
Escuela Ep N°74,PANAMA Y E. GONZALEZ,8P48+M7,ESCUELA DE EDUCACIÓN PRIMARIA Nº74 MAESTRO VICENTE CALDERON,-38.693312500000005,-62.2843125,LA LIBERTAD AVANZA,1090.0,50.23,FUERZA PATRIA,556.0,25.62,SOMOS BUENOS AIRES,217.0,10.0,FTE DE IZQ. Y DE TRABAJADORES - UNIDAD,125.0,5.76,POTENCIA,61.0,2.81,UNION Y LIBERTAD,30.0,1.38,POLITICA OBRERA,28.0,1.29,UNION LIBERAL,23.0,1.06,VALORES REPUBLICANOS,18.0,0.83,MOVIMIENTO AVANZADA SOCIALISTA,8.0,0.37,PARTIDO TIEMPO DE TODOS,7.0,0.32,FRENTE PATRIOTA FEDERAL,6.0,0.28,CONSTRUYENDO PORVENIR,1.0,0.05,ES CON VOS ES CON NOSOTROS,0.0,0.0,PARTIDO LIBERTARIO,0.0,0.0,24.609999999999996,0.5924410207029368,1.0,16.0,26.0,7.924755698231859,"[7, 8)"
Escuela Ep N°75,E.JULIO Y BELGICA,7MRX+34,ESCUELA DE EDUCACIÓN PRIMARIA Nº75 CIRIACO PALAO DE LASPIUR,-38.7098125,-62.3021875,LA LIBERTAD AVANZA,987.0,50.0,FUERZA PATRIA,523.0,26.49,SOMOS BUENOS AIRES,194.0,9.83,FTE DE IZQ. Y DE TRABAJADORES - UNIDAD,81.0,4.1,POTENCIA,54.0,2.74,VALORES REPUBLICANOS,36.0,1.82,UNION Y LIBERTAD,33.0,1.67,POLITICA OBRERA,29.0,1.47,UNION LIBERAL,11.0,0.56,MOVIMIENTO AVANZADA SOCIALISTA,9.0,0.46,PARTIDO TIEMPO DE TODOS,7.0,0.35,CONSTRUYENDO PORVENIR,5.0,0.25,FRENTE PATRIOTA FEDERAL,5.0,0.25,ES CON VOS ES CON NOSOTROS,0.0,0.0,PARTIDO LIBERTARIO,0.0,0.0,23.51,0.5659605199807415,0.9055045871559633,15.244036697247706,24.771559633027522,7.054897738619455,"[7, 8)"
Escuela Ep N°76/es N° 45,PANAMA 3076 BARRIO AVELLANEDA,8P75+68,ESCUELA DE EDUCACIÓN PRIMARIA Nº76 FORTALEZA PROTECTORA ARGENTINA,-38.6869375,-62.2916875,LA LIBERTAD AVANZA,856.0,49.74,FUERZA PATRIA,432.0,25.1,SOMOS BUENOS AIRES,187.0,10.87,FTE DE IZQ. Y DE TRABAJADORES - UNIDAD,79.0,4.59,POTENCIA,49.0,2.85,UNION Y LIBERTAD,38.0,2.21,VALORES REPUBLICANOS,28.0,1.63,POLITICA OBRERA,16.0,0.93,UNION LIBERAL,14.0,0.81,PARTIDO TIEMPO DE TODOS,8.0,0.46,MOVIMIENTO AVANZADA SOCIALISTA,6.0,0.35,CONSTRUYENDO PORVENIR,4.0,0.23,FRENTE PATRIOTA FEDERAL,4.0,0.23,ES CON VOS ES CON NOSOTROS,0.0,0.0,PARTIDO LIBERTARIO,0.0,0.0,24.64,0.5931632161771786,0.7853211009174312,14.28256880733945,23.209174311926606,7.536299530595608,"[7, 8)"
Escuela Ep N°78,VIAMONTE ESQ. DI SARLI 2286,7PW3+H9,ESCUELA DE EDUCACIÓN PRIMARIA Nº78 FRAGATA LIBERTAD,-38.703562500000004,-62.2965625,LA LIBERTAD AVANZA,547.0,42.94,FUERZA PATRIA,382.0,29.98,SOMOS BUENOS AIRES,139.0,10.91,FTE DE IZQ. Y DE TRABAJADORES - UNIDAD,79.0,6.2,POTENCIA,28.0,2.2,UNION Y LIBERTAD,27.0,2.12,VALORES REPUBLICANOS,24.0,1.88,POLITICA OBRERA,14.0,1.1,UNION LIBERAL,10.0,0.78,PARTIDO TIEMPO DE TODOS,9.0,0.71,MOVIMIENTO AVANZADA SOCIALISTA,8.0,0.63,FRENTE PATRIOTA FEDERAL,5.0,0.39,CONSTRUYENDO PORVENIR,2.0,0.16,ES CON VOS ES CON NOSOTROS,0.0,0.0,PARTIDO LIBERTARIO,0.0,0.0,12.959999999999997,0.31198844487241206,0.501834862385321,12.014678899082568,19.523853211009175,7.578890297085561,"[7, 8)"
Escuela Ep N°8,PIEDRA BUENA 265,7P7X+X4,ESCUELA DE EDUCACIÓN PRIMARIA Nº8 LUIS C. CARONTI,-38.7350625,-62.2521875,LA LIBERTAD AVANZA,271.0,46.48,FUERZA PATRIA,187.0,32.08,SOMOS BUENOS AIRES,50.0,8.58,FTE DE IZQ. Y DE TRABAJADORES - UNIDAD,27.0,4.63,POTENCIA,14.0,2.4,VALORES REPUBLICANOS,14.0,2.4,POLITICA OBRERA,5.0,0.86,UNION LIBERAL,5.0,0.86,UNION Y LIBERTAD,4.0,0.69,MOVIMIENTO AVANZADA SOCIALISTA,3.0,0.51,PARTIDO TIEMPO DE TODOS,2.0,0.34,FRENTE PATRIOTA FEDERAL,1.0,0.17,ES CON VOS ES CON NOSOTROS,0.0,0.0,CONSTRUYENDO PORVENIR,0.0,0.0,PARTIDO LIBERTARIO,0.0,0.0,14.399999999999999,0.34665382763601343,0.2486238532110092,9.988990825688074,16.23211009174312,7.668432469786,"[7, 8)"
Escuela Ep N°84/es N°16,ROBERTO ARLT Y PANAMA,8P83+HH,ESCUELA DE EDUCACIÓN PRIMARIA Nº84 ANTOINE ST. EXUPERY,-38.6835625,-62.296062500000005,LA LIBERTAD AVANZA,669.0,49.93,FUERZA PATRIA,371.0,27.69,SOMOS BUENOS AIRES,128.0,9.55,FTE DE IZQ. Y DE TRABAJADORES - UNIDAD,61.0,4.55,POTENCIA,28.0,2.09,UNION Y LIBERTAD,26.0,1.94,VALORES REPUBLICANOS,19.0,1.42,POLITICA OBRERA,15.0,1.12,MOVIMIENTO AVANZADA SOCIALISTA,10.0,0.75,UNION LIBERAL,6.0,0.45,FRENTE PATRIOTA FEDERAL,3.0,0.22,PARTIDO TIEMPO DE TODOS,3.0,0.22,CONSTRUYENDO PORVENIR,1.0,0.07,ES CON VOS ES CON NOSOTROS,0.0,0.0,PARTIDO LIBERTARIO,0.0,0.0,22.24,0.535387578237843,0.6137614678899083,12.910091743119267,20.97889908256881,7.24896081965454,"[7, 8)"
Escuela Ep N°9,CORRIENTES 1200,7QG3+J8,ESCUELA DE EDUCACIÓN PRIMARIA Nº9 GENERAL MANUEL BELGRANO,-38.7234375,-62.2466875,LA LIBERTAD AVANZA,684.0,50.67,FUERZA PATRIA,373.0,27.63,SOMOS BUENOS AIRES,113.0,8.37,FTE DE IZQ. Y DE TRABAJADORES - UNIDAD,66.0,4.89,POTENCIA,31.0,2.3,UNION Y LIBERTAD,22.0,1.63,PARTIDO LIBERTARIO,18.0,1.33,VALORES REPUBLICANOS,17.0,1.26,POLITICA OBRERA,9.0,0.67,PARTIDO TIEMPO DE TODOS,8.0,0.59,MOVIMIENTO AVANZADA SOCIALISTA,6.0,0.44,CONSTRUYENDO PORVENIR,2.0,0.15,FRENTE PATRIOTA FEDERAL,1.0,0.07,ES CON VOS ES CON NOSOTROS,0.0,0.0,UNION LIBERAL,0.0,0.0,23.040000000000003,0.5546461242176216,0.6275229357798165,13.020183486238533,21.157798165137613,7.73072605091657,"[7, 8)"
Escuela Es N° 11,ESTADOS UNIDOS 2100,6PXH+7V,ESCUELA DE EDUCACIÓN SECUNDARIA Nº11 DR CERSAR MIRSTEIN,-38.7518125,-62.2703125,LA LIBERTAD AVANZA,789.0,43.02,FUERZA PATRIA,650.0,35.44,SOMOS BUENOS AIRES,168.0,9.16,FTE DE IZQ. Y DE TRABAJADORES - UNIDAD,75.0,4.09,VALORES REPUBLICANOS,31.0,1.69,POTENCIA,30.0,1.64,POLITICA OBRERA,29.0,1.58,UNION Y LIBERTAD,27.0,1.47,CONSTRUYENDO PORVENIR,17.0,0.93,MOVIMIENTO AVANZADA SOCIALISTA,8.0,0.44,FRENTE PATRIOTA FEDERAL,4.0,0.22,UNION LIBERAL,3.0,0.16,PARTIDO TIEMPO DE TODOS,3.0,0.16,ES CON VOS ES CON NOSOTROS,0.0,0.0,PARTIDO LIBERTARIO,0.0,0.0,7.580000000000005,0.18247472315840169,0.7238532110091743,13.790825688073394,22.410091743119267,7.483837603133231,"[7, 8)"
Escuela Es N°10,QUILLEN E/ RAYEN Y CHADICHE 150,8Q3J+55,ESCUELA DE EDUCACIÓN SECUNDARIA Nº10 CIUDAD HERMANA DE FERMO,-38.6970625,-62.219562499999995,LA LIBERTAD AVANZA,868.0,50.12,FUERZA PATRIA,477.0,27.54,SOMOS BUENOS AIRES,181.0,10.45,FTE DE IZQ. Y DE TRABAJADORES - UNIDAD,75.0,4.33,POTENCIA,46.0,2.66,UNION Y LIBERTAD,27.0,1.56,POLITICA OBRERA,19.0,1.1,VALORES REPUBLICANOS,10.0,0.58,UNION LIBERAL,8.0,0.46,FRENTE PATRIOTA FEDERAL,7.0,0.4,PARTIDO TIEMPO DE TODOS,6.0,0.35,CONSTRUYENDO PORVENIR,4.0,0.23,MOVIMIENTO AVANZADA SOCIALISTA,4.0,0.23,ES CON VOS ES CON NOSOTROS,0.0,0.0,PARTIDO LIBERTARIO,0.0,0.0,22.58,0.5435724602792489,0.7963302752293578,14.370642201834862,23.35229357798165,8.179211348442982,"[8, 9)"
Escuela Es N°12,SARMIENTO 1450,7PWX+54,ESCUELA DE EDUCACIÓN SECUNDARIA Nº12,-38.7045625,-62.2521875,LA LIBERTAD AVANZA,619.0,53.92,FUERZA PATRIA,272.0,23.69,SOMOS BUENOS AIRES,125.0,10.89,FTE DE IZQ. Y DE TRABAJADORES - UNIDAD,42.0,3.66,POTENCIA,33.0,2.87,UNION Y LIBERTAD,16.0,1.39,VALORES REPUBLICANOS,14.0,1.22,POLITICA OBRERA,8.0,0.7,MOVIMIENTO AVANZADA SOCIALISTA,7.0,0.61,FRENTE PATRIOTA FEDERAL,4.0,0.35,UNION LIBERAL,4.0,0.35,PARTIDO TIEMPO DE TODOS,3.0,0.26,CONSTRUYENDO PORVENIR,1.0,0.09,ES CON VOS ES CON NOSOTROS,0.0,0.0,PARTIDO LIBERTARIO,0.0,0.0,30.23,0.7277323062108811,0.5678899082568807,12.543119266055045,20.38256880733945,8.605832937415252,"[8, 9)"
Escuela Es N°13,SARMIENTO E/ MITRE Y ZELARRAYAN 168,7PMM+QX,ESCUELA DE EDUCACIÓN SECUNDARIA Nº13,-38.715562500000004,-62.2650625,LA LIBERTAD AVANZA,812.0,52.59,FUERZA PATRIA,396.0,25.65,SOMOS BUENOS AIRES,158.0,10.23,FTE DE IZQ. Y DE TRABAJADORES - UNIDAD,65.0,4.21,POTENCIA,44.0,2.85,VALORES REPUBLICANOS,24.0,1.55,UNION Y LIBERTAD,21.0,1.36,POLITICA OBRERA,8.0,0.52,UNION LIBERAL,6.0,0.39,CONSTRUYENDO PORVENIR,4.0,0.26,FRENTE PATRIOTA FEDERAL,3.0,0.19,MOVIMIENTO AVANZADA SOCIALISTA,3.0,0.19,ES CON VOS ES CON NOSOTROS,0.0,0.0,PARTIDO LIBERTARIO,0.0,0.0,PARTIDO TIEMPO DE TODOS,0.0,0.0,26.940000000000005,0.648531535869042,0.744954128440367,13.959633027522937,22.684403669724773,8.585741646993585,"[8, 9)"
Escuela Es N°14,LAINEZ E/ NECOCHEA Y MISIONEROS 2400,7Q9C+MW,ESCUELA DE EDUCACIÓN SECUNDARIA Nº14 EDUARDO MALLEA,-38.7308125,-62.2276875,LA LIBERTAD AVANZA,595.0,42.74,FUERZA PATRIA,489.0,35.13,SOMOS BUENOS AIRES,95.0,6.82,FTE DE IZQ. Y DE TRABAJADORES - UNIDAD,62.0,4.45,POTENCIA,38.0,2.73,UNION Y LIBERTAD,34.0,2.44,VALORES REPUBLICANOS,29.0,2.08,POLITICA OBRERA,20.0,1.44,MOVIMIENTO AVANZADA SOCIALISTA,12.0,0.86,CONSTRUYENDO PORVENIR,8.0,0.57,FRENTE PATRIOTA FEDERAL,5.0,0.36,PARTIDO TIEMPO DE TODOS,5.0,0.36,ES CON VOS ES CON NOSOTROS,0.0,0.0,PARTIDO LIBERTARIO,0.0,0.0,UNION LIBERAL,0.0,0.0,7.609999999999999,0.18319691863264323,0.5458715596330275,12.36697247706422,20.096330275229356,7.513955110471697,"[7, 8)"
Escuela Es N°17,AYACUCHO 2730,8P33+XQ,ESCUELA DE EDUCACIÓN SECUNDARIA Nº17,-38.6950625,-62.2955625,LA LIBERTAD AVANZA,927.0,47.15,FUERZA PATRIA,579.0,29.45,SOMOS BUENOS AIRES,199.0,10.12,FTE DE IZQ. Y DE TRABAJADORES - UNIDAD,80.0,4.07,POTENCIA,51.0,2.59,UNION Y LIBERTAD,33.0,1.68,VALORES REPUBLICANOS,30.0,1.53,UNION LIBERAL,23.0,1.17,POLITICA OBRERA,17.0,0.86,PARTIDO TIEMPO DE TODOS,10.0,0.51,FRENTE PATRIOTA FEDERAL,7.0,0.36,MOVIMIENTO AVANZADA SOCIALISTA,7.0,0.36,CONSTRUYENDO PORVENIR,3.0,0.15,ES CON VOS ES CON NOSOTROS,0.0,0.0,PARTIDO LIBERTARIO,0.0,0.0,17.7,0.4260953298025999,0.8504587155963302,14.803669724770643,24.055963302752293,7.499754855649541,"[7, 8)"
Escuela Es N°19,SIXTO LASPIUR Y ADRIAN VERES,7MRX+J4,ESCUELA DE EDUCACIÓN SECUNDARIA Nº19,-38.7084375,-62.3021875,LA LIBERTAD AVANZA,433.0,48.11,FUERZA PATRIA,248.0,27.56,SOMOS BUENOS AIRES,104.0,11.56,FTE DE IZQ. Y DE TRABAJADORES - UNIDAD,35.0,3.89,UNION Y LIBERTAD,19.0,2.11,POTENCIA,16.0,1.78,VALORES REPUBLICANOS,13.0,1.44,POLITICA OBRERA,11.0,1.22,PARTIDO TIEMPO DE TODOS,6.0,0.67,CONSTRUYENDO PORVENIR,5.0,0.56,UNION LIBERAL,4.0,0.44,MOVIMIENTO AVANZADA SOCIALISTA,3.0,0.33,FRENTE PATRIOTA FEDERAL,2.0,0.22,PARTIDO LIBERTARIO,1.0,0.11,ES CON VOS ES CON NOSOTROS,0.0,0.0,20.55,0.49470389985556096,0.39724770642201834,11.177981651376147,18.164220183486236,7.054897738619455,"[7, 8)"
Escuela Es N°23,ESTOMBA ESQ. F QUIROGA 3100,8P42+R4,ESCUELA DE EDUCACIÓN SECUNDARIA Nº23,-38.6929375,-62.299687500000005,LA LIBERTAD AVANZA,522.0,48.83,FUERZA PATRIA,323.0,30.22,SOMOS BUENOS AIRES,101.0,9.45,FTE DE IZQ. Y DE TRABAJADORES - UNIDAD,45.0,4.21,POTENCIA,18.0,1.68,VALORES REPUBLICANOS,18.0,1.68,UNION Y LIBERTAD,13.0,1.22,POLITICA OBRERA,7.0,0.65,UNION LIBERAL,7.0,0.65,PARTIDO TIEMPO DE TODOS,5.0,0.47,MOVIMIENTO AVANZADA SOCIALISTA,5.0,0.47,CONSTRUYENDO PORVENIR,3.0,0.28,FRENTE PATRIOTA FEDERAL,2.0,0.19,ES CON VOS ES CON NOSOTROS,0.0,0.0,PARTIDO LIBERTARIO,0.0,0.0,18.61,0.44800192585459797,0.47889908256880737,11.831192660550458,19.225688073394494,6.312886736333612,"[6, 7)"
Escuela Es N°24,JUAN JOSÉ PASSO 1441 PARQUE DE MAYO,8P2H+MH,ESCUELA DE EDUCACIÓN SECUNDARIA Nº24,-38.6983125,-62.2710625,LA LIBERTAD AVANZA,542.0,49.18,FUERZA PATRIA,310.0,28.13,SOMOS BUENOS AIRES,100.0,9.07,FTE DE IZQ. Y DE TRABAJADORES - UNIDAD,60.0,5.44,POTENCIA,28.0,2.54,UNION Y LIBERTAD,19.0,1.72,VALORES REPUBLICANOS,16.0,1.45,UNION LIBERAL,13.0,1.18,POLITICA OBRERA,7.0,0.64,MOVIMIENTO AVANZADA SOCIALISTA,4.0,0.36,FRENTE PATRIOTA FEDERAL,2.0,0.18,PARTIDO TIEMPO DE TODOS,1.0,0.09,ES CON VOS ES CON NOSOTROS,0.0,0.0,CONSTRUYENDO PORVENIR,0.0,0.0,PARTIDO LIBERTARIO,0.0,0.0,21.05,0.5067404910929225,0.4972477064220184,11.977981651376147,19.46422018348624,8.300391344924801,"[8, 9)"
Escuela Es N°28,DORREGO 545,7PJV+9R,ESCUELA DE EDUCACIÓN SECUNDARIA Nº28,-38.7190625,-62.2554375,LA LIBERTAD AVANZA,542.0,52.62,FUERZA PATRIA,270.0,26.21,SOMOS BUENOS AIRES,102.0,9.9,FTE DE IZQ. Y DE TRABAJADORES - UNIDAD,38.0,3.69,POTENCIA,27.0,2.62,POLITICA OBRERA,13.0,1.26,UNION Y LIBERTAD,10.0,0.97,UNION LIBERAL,8.0,0.78,VALORES REPUBLICANOS,8.0,0.78,PARTIDO LIBERTARIO,6.0,0.58,CONSTRUYENDO PORVENIR,3.0,0.29,MOVIMIENTO AVANZADA SOCIALISTA,3.0,0.29,FRENTE PATRIOTA FEDERAL,0.0,0.0,ES CON VOS ES CON NOSOTROS,0.0,0.0,PARTIDO TIEMPO DE TODOS,0.0,0.0,26.409999999999997,0.6357727491574385,0.4972477064220184,11.977981651376147,19.46422018348624,8.37576097982645,"[8, 9)"
Escuela Es N°3,BRAVARD Y VIEYTES 85,7PQC+3J,ESCUELA DE EDUCACIÓN SECUNDARIA Nº3 ALMAFUERTE,-38.712312499999996,-62.278437499999995,LA LIBERTAD AVANZA,930.0,46.97,FUERZA PATRIA,589.0,29.75,SOMOS BUENOS AIRES,188.0,9.49,FTE DE IZQ. Y DE TRABAJADORES - UNIDAD,86.0,4.34,POTENCIA,59.0,2.98,VALORES REPUBLICANOS,36.0,1.82,UNION Y LIBERTAD,26.0,1.31,POLITICA OBRERA,19.0,0.96,MOVIMIENTO AVANZADA SOCIALISTA,15.0,0.76,CONSTRUYENDO PORVENIR,10.0,0.51,UNION LIBERAL,9.0,0.45,PARTIDO TIEMPO DE TODOS,7.0,0.35,FRENTE PATRIOTA FEDERAL,6.0,0.3,ES CON VOS ES CON NOSOTROS,0.0,0.0,PARTIDO LIBERTARIO,0.0,0.0,17.22,0.41454020221473276,0.8532110091743119,14.825688073394495,24.091743119266056,8.139531772148715,"[8, 9)"
Escuela Es N°30,PARANA 45,7PV9+25,ESCUELA DE EDUCACIÓN SECUNDARIA Nº 30 JULIO CORTAZAR,-38.70743750000001,-62.282062499999995,LA LIBERTAD AVANZA,292.0,45.06,FUERZA PATRIA,209.0,32.25,SOMOS BUENOS AIRES,58.0,8.95,FTE DE IZQ. Y DE TRABAJADORES - UNIDAD,36.0,5.56,VALORES REPUBLICANOS,12.0,1.85,POTENCIA,12.0,1.85,UNION Y LIBERTAD,12.0,1.85,POLITICA OBRERA,6.0,0.93,MOVIMIENTO AVANZADA SOCIALISTA,5.0,0.77,PARTIDO TIEMPO DE TODOS,3.0,0.46,CONSTRUYENDO PORVENIR,2.0,0.31,FRENTE PATRIOTA FEDERAL,1.0,0.15,ES CON VOS ES CON NOSOTROS,0.0,0.0,PARTIDO LIBERTARIO,0.0,0.0,UNION LIBERAL,0.0,0.0,12.810000000000002,0.3083774675012037,0.26788990825688075,10.143119266055045,16.48256880733945,8.135809128563668,"[8, 9)"
Escuela Es N°31,INGENIERO LUIGGI E/ CHICLANA Y GUILLERMO BROWN 33,7PFR+JX,ESCUELA DE EDUCACIÓN SECUNDARIA Nº31 GUSTAVO CERATI,-38.7259375,-62.2575625,LA LIBERTAD AVANZA,492.0,47.86,FUERZA PATRIA,314.0,30.54,SOMOS BUENOS AIRES,104.0,10.12,FTE DE IZQ. Y DE TRABAJADORES - UNIDAD,41.0,3.99,POTENCIA,18.0,1.75,VALORES REPUBLICANOS,18.0,1.75,POLITICA OBRERA,14.0,1.36,PARTIDO TIEMPO DE TODOS,8.0,0.78,UNION Y LIBERTAD,7.0,0.68,MOVIMIENTO AVANZADA SOCIALISTA,6.0,0.58,FRENTE PATRIOTA FEDERAL,3.0,0.29,CONSTRUYENDO PORVENIR,2.0,0.19,UNION LIBERAL,1.0,0.1,ES CON VOS ES CON NOSOTROS,0.0,0.0,PARTIDO LIBERTARIO,0.0,0.0,17.32,0.4169475204622051,0.45137614678899085,11.611009174311928,18.86788990825688,8.220498069197848,"[8, 9)"
Escuela Es N°33,CASEROS 2990,7Q59+62,ESCUELA DE EDUCACIÓN SECUNDARIA Nº33,-38.7419375,-62.2324375,LA LIBERTAD AVANZA,381.0,47.21,FUERZA PATRIA,244.0,30.24,SOMOS BUENOS AIRES,54.0,6.69,FTE DE IZQ. Y DE TRABAJADORES - UNIDAD,34.0,4.21,POTENCIA,20.0,2.48,UNION Y LIBERTAD,20.0,2.48,VALORES REPUBLICANOS,14.0,1.73,PARTIDO TIEMPO DE TODOS,10.0,1.24,UNION LIBERAL,10.0,1.24,POLITICA OBRERA,9.0,1.12,MOVIMIENTO AVANZADA SOCIALISTA,5.0,0.62,CONSTRUYENDO PORVENIR,4.0,0.5,FRENTE PATRIOTA FEDERAL,2.0,0.25,ES CON VOS ES CON NOSOTROS,0.0,0.0,PARTIDO LIBERTARIO,0.0,0.0,16.970000000000002,0.4085219065960521,0.3495412844036697,10.796330275229359,17.544036697247705,7.407340924312785,"[7, 8)"
Escuela Es N°4,PRINGLES E/ AVDA. SAAVEDRA Y AZCUENAGA 97,7QM2+GR,ESCUELA DE EDUCACIÓN SECUNDARIA Nº4 BICENTENARIO DE LA PATRIA,-38.716187500000004,-62.2479375,FUERZA PATRIA,4.0,44.44,LA LIBERTAD AVANZA,4.0,44.44,SOMOS BUENOS AIRES,1.0,11.11,FRENTE PATRIOTA FEDERAL,0.0,0.0,ES CON VOS ES CON NOSOTROS,0.0,0.0,FTE DE IZQ. Y DE TRABAJADORES - UNIDAD,0.0,0.0,CONSTRUYENDO PORVENIR,0.0,0.0,MOVIMIENTO AVANZADA SOCIALISTA,0.0,0.0,PARTIDO LIBERTARIO,0.0,0.0,POLITICA OBRERA,0.0,0.0,PARTIDO TIEMPO DE TODOS,0.0,0.0,POTENCIA,0.0,0.0,UNION LIBERAL,0.0,0.0,UNION Y LIBERTAD,0.0,0.0,VALORES REPUBLICANOS,0.0,0.0,0.0,0.0,0.003669724770642202,8.029357798165137,13.047706422018349,7.472831126885334,"[7, 8)"
Escuela Es N°5,CHACO E/ BRAVARD Y CHANCAY,7PC2+RQ,ESCUELA DE EDUCACIÓN SECUNDARIA Nº5 EZEQUIEL MARTÍN ESTRADA,-38.727937499999996,-62.2980625,LA LIBERTAD AVANZA,375.0,38.19,FUERZA PATRIA,351.0,35.74,SOMOS BUENOS AIRES,86.0,8.76,FTE DE IZQ. Y DE TRABAJADORES - UNIDAD,52.0,5.3,POTENCIA,26.0,2.65,UNION Y LIBERTAD,24.0,2.44,POLITICA OBRERA,18.0,1.83,VALORES REPUBLICANOS,18.0,1.83,UNION LIBERAL,8.0,0.81,MOVIMIENTO AVANZADA SOCIALISTA,7.0,0.71,CONSTRUYENDO PORVENIR,6.0,0.61,PARTIDO TIEMPO DE TODOS,6.0,0.61,FRENTE PATRIOTA FEDERAL,5.0,0.51,ES CON VOS ES CON NOSOTROS,0.0,0.0,PARTIDO LIBERTARIO,0.0,0.0,2.4499999999999957,0.05897929706307164,0.3440366972477064,10.752293577981652,17.472477064220183,6.560674440995121,"[6, 7)"
Escuela Es N°8,PIEDRABUENA 359,7P7W+JG,ESCUELA DE EDUCACIÓN SECUNDARIA Nº8 CDTE. LUIS PIEDRABUENA,-38.7359375,-62.2536875,LA LIBERTAD AVANZA,558.0,46.73,FUERZA PATRIA,372.0,31.16,SOMOS BUENOS AIRES,103.0,8.63,FTE DE IZQ. Y DE TRABAJADORES - UNIDAD,63.0,5.28,POTENCIA,25.0,2.09,UNION Y LIBERTAD,22.0,1.84,VALORES REPUBLICANOS,15.0,1.26,POLITICA OBRERA,10.0,0.84,UNION LIBERAL,8.0,0.67,MOVIMIENTO AVANZADA SOCIALISTA,6.0,0.5,PARTIDO TIEMPO DE TODOS,5.0,0.42,CONSTRUYENDO PORVENIR,4.0,0.34,FRENTE PATRIOTA FEDERAL,3.0,0.25,ES CON VOS ES CON NOSOTROS,0.0,0.0,PARTIDO LIBERTARIO,0.0,0.0,15.569999999999997,0.3748194511314395,0.5119266055045871,12.095412844036698,19.655045871559633,7.668432469786,"[7, 8)"
Escuela Especial Nº512,NECOCHEA E/ BALBOA Y NEWTON 889,7Q99+84,ESCUELA ESPECIAL Nº512 VIRGEN STELLA MARIS,-38.7316875,-62.2321875,LA LIBERTAD AVANZA,349.0,43.95,FUERZA PATRIA,288.0,36.27,SOMOS BUENOS AIRES,45.0,5.67,FTE DE IZQ. Y DE TRABAJADORES - UNIDAD,37.0,4.66,UNION Y LIBERTAD,22.0,2.77,VALORES REPUBLICANOS,16.0,2.02,POLITICA OBRERA,11.0,1.39,POTENCIA,10.0,1.26,MOVIMIENTO AVANZADA SOCIALISTA,6.0,0.76,PARTIDO TIEMPO DE TODOS,5.0,0.63,FRENTE PATRIOTA FEDERAL,3.0,0.38,CONSTRUYENDO PORVENIR,2.0,0.25,ES CON VOS ES CON NOSOTROS,0.0,0.0,PARTIDO LIBERTARIO,0.0,0.0,UNION LIBERAL,0.0,0.0,7.68,0.18488204140587386,0.3201834862385321,10.561467889908258,17.162385321100917,7.396984283934684,"[7, 8)"
Escuela Est N°2,AZARA 1250,7QP4+49,ESCUELA DE EDUCACIÓN SECUNDARIA TÉCNICA Nº2 INGENIERO CESAR CIPOLLETTI,-38.71468750000001,-62.2440625,LA LIBERTAD AVANZA,806.0,53.34,FUERZA PATRIA,416.0,27.53,SOMOS BUENOS AIRES,100.0,6.62,FTE DE IZQ. Y DE TRABAJADORES - UNIDAD,55.0,3.64,POTENCIA,43.0,2.85,VALORES REPUBLICANOS,33.0,2.18,UNION Y LIBERTAD,18.0,1.19,POLITICA OBRERA,11.0,0.73,UNION LIBERAL,8.0,0.53,FRENTE PATRIOTA FEDERAL,5.0,0.33,CONSTRUYENDO PORVENIR,5.0,0.33,PARTIDO TIEMPO DE TODOS,4.0,0.26,MOVIMIENTO AVANZADA SOCIALISTA,4.0,0.26,PARTIDO LIBERTARIO,3.0,0.2,ES CON VOS ES CON NOSOTROS,0.0,0.0,25.810000000000002,0.6213288396726048,0.7394495412844037,13.915596330275228,22.612844036697247,7.703256060541113,"[7, 8)"
Escuela Est N°3,LÍBANO 670,7PF5+CJ,ESCUELA DE EDUCACIÓN SECUNDARIA TÉCNICA Nº3 DOCTOR RENÉ FAVALORO,-38.7264375,-62.2909375,LA LIBERTAD AVANZA,474.0,39.5,FUERZA PATRIA,470.0,39.17,SOMOS BUENOS AIRES,83.0,6.92,FTE DE IZQ. Y DE TRABAJADORES - UNIDAD,47.0,3.92,UNION Y LIBERTAD,27.0,2.25,POLITICA OBRERA,20.0,1.67,POTENCIA,20.0,1.67,VALORES REPUBLICANOS,17.0,1.42,PARTIDO LIBERTARIO,10.0,0.83,MOVIMIENTO AVANZADA SOCIALISTA,8.0,0.67,PARTIDO TIEMPO DE TODOS,7.0,0.58,UNION LIBERAL,7.0,0.58,CONSTRUYENDO PORVENIR,6.0,0.5,FRENTE PATRIOTA FEDERAL,4.0,0.33,ES CON VOS ES CON NOSOTROS,0.0,0.0,0.3299999999999983,0.007944150216658601,0.43486238532110094,11.478899082568807,18.653211009174314,6.826325624409957,"[6, 7)"
Escuela Est N°4,FLORIDA 633,8P3F+98,ESCUELA DE EDUCACIÓN SECUNDARIA TÉCNICA Nº4 ANTÁRTIDA,-38.6965625,-62.2766875,LA LIBERTAD AVANZA,431.0,48.48,FUERZA PATRIA,242.0,27.22,SOMOS BUENOS AIRES,82.0,9.22,FTE DE IZQ. Y DE TRABAJADORES - UNIDAD,42.0,4.72,UNION Y LIBERTAD,28.0,3.15,POTENCIA,21.0,2.36,VALORES REPUBLICANOS,13.0,1.46,POLITICA OBRERA,10.0,1.12,UNION LIBERAL,8.0,0.9,CONSTRUYENDO PORVENIR,5.0,0.56,PARTIDO TIEMPO DE TODOS,4.0,0.45,FRENTE PATRIOTA FEDERAL,1.0,0.11,MOVIMIENTO AVANZADA SOCIALISTA,1.0,0.11,PARTIDO LIBERTARIO,1.0,0.11,ES CON VOS ES CON NOSOTROS,0.0,0.0,21.259999999999998,0.5117958594126143,0.39541284403669724,11.163302752293578,18.140366972477064,7.920366846886749,"[7, 8)"
Escuela Reconoc.Marina Coppa,BOLIVIA E/BLANDENGUES Y PATRICIOS 550,7PF6+MV,ESCUELA MARINA COPPA,-38.7258125,-62.2878125,LA LIBERTAD AVANZA,237.0,41.87,FUERZA PATRIA,197.0,34.81,SOMOS BUENOS AIRES,49.0,8.66,FTE DE IZQ. Y DE TRABAJADORES - UNIDAD,28.0,4.95,UNION LIBERAL,9.0,1.59,VALORES REPUBLICANOS,8.0,1.41,PARTIDO LIBERTARIO,7.0,1.24,POTENCIA,7.0,1.24,POLITICA OBRERA,6.0,1.06,MOVIMIENTO AVANZADA SOCIALISTA,6.0,1.06,UNION Y LIBERTAD,5.0,0.88,PARTIDO TIEMPO DE TODOS,3.0,0.53,CONSTRUYENDO PORVENIR,2.0,0.35,FRENTE PATRIOTA FEDERAL,2.0,0.35,ES CON VOS ES CON NOSOTROS,0.0,0.0,7.059999999999995,0.16995666827154537,0.21743119266055047,9.739449541284404,15.826605504587157,7.78050963952019,"[7, 8)"
Escuela San Vicente De Paul,RIVADAVIA 1549,7QC3+69,COLEGIO SAN VICENTE DE PAUL,-38.7294375,-62.246562499999996,LA LIBERTAD AVANZA,819.0,53.11,FUERZA PATRIA,370.0,23.99,SOMOS BUENOS AIRES,128.0,8.3,FTE DE IZQ. Y DE TRABAJADORES - UNIDAD,63.0,4.09,POTENCIA,42.0,2.72,VALORES REPUBLICANOS,38.0,2.46,POLITICA OBRERA,30.0,1.95,UNION Y LIBERTAD,18.0,1.17,MOVIMIENTO AVANZADA SOCIALISTA,13.0,0.84,UNION LIBERAL,9.0,0.58,PARTIDO TIEMPO DE TODOS,6.0,0.39,CONSTRUYENDO PORVENIR,4.0,0.26,FRENTE PATRIOTA FEDERAL,2.0,0.13,ES CON VOS ES CON NOSOTROS,0.0,0.0,PARTIDO LIBERTARIO,0.0,0.0,29.12,0.7010110736639384,0.7513761467889908,14.011009174311926,22.76788990825688,7.843247779463569,"[7, 8)"
Escuela Superior De Comercio,11 DE ABRIL 445,7PQP+M2,ESCUELA SUPERIOR DE COMERCIO PROFESOR PRUDENCIO CORNEJO,-38.7108125,-62.2649375,LA LIBERTAD AVANZA,586.0,54.21,FUERZA PATRIA,258.0,23.87,SOMOS BUENOS AIRES,127.0,11.75,FTE DE IZQ. Y DE TRABAJADORES - UNIDAD,36.0,3.33,POTENCIA,27.0,2.5,UNION Y LIBERTAD,14.0,1.3,VALORES REPUBLICANOS,12.0,1.11,MOVIMIENTO AVANZADA SOCIALISTA,7.0,0.65,POLITICA OBRERA,6.0,0.56,UNION LIBERAL,3.0,0.28,CONSTRUYENDO PORVENIR,2.0,0.19,PARTIDO TIEMPO DE TODOS,2.0,0.19,FRENTE PATRIOTA FEDERAL,1.0,0.09,ES CON VOS ES CON NOSOTROS,0.0,0.0,PARTIDO LIBERTARIO,0.0,0.0,30.34,0.7303803562831006,0.5376146788990825,12.30091743119266,19.988990825688074,8.7028749027327,"[8, 9)"
Espacio Nido Vista Alegre,NICOLÁS PÉREZ 1997,7MPJ+6X,Espacio NIDO Vista Alegre,-38.7144375,-62.3175625,FUERZA PATRIA,161.0,41.18,LA LIBERTAD AVANZA,149.0,38.11,SOMOS BUENOS AIRES,33.0,8.44,FTE DE IZQ. Y DE TRABAJADORES - UNIDAD,17.0,4.35,POTENCIA,7.0,1.79,POLITICA OBRERA,6.0,1.53,UNION Y LIBERTAD,6.0,1.53,VALORES REPUBLICANOS,4.0,1.02,MOVIMIENTO AVANZADA SOCIALISTA,3.0,0.77,CONSTRUYENDO PORVENIR,2.0,0.51,PARTIDO TIEMPO DE TODOS,2.0,0.51,FRENTE PATRIOTA FEDERAL,1.0,0.26,ES CON VOS ES CON NOSOTROS,0.0,0.0,PARTIDO LIBERTARIO,0.0,0.0,UNION LIBERAL,0.0,0.0,3.0700000000000003,0.0739046701974001,0.14770642201834863,9.181651376146789,14.920183486238532,5.871436551409412,"[5, 6)"
Inst.Adv.Bahiense M.Belgrano,FITZ ROY 356,7PGJ+2X,INSTITUTO ADVENTISTA BAHIENSE,-38.724937499999996,-62.26756250000001,LA LIBERTAD AVANZA,280.0,46.98,FUERZA PATRIA,184.0,30.87,SOMOS BUENOS AIRES,66.0,11.07,POTENCIA,15.0,2.52,FTE DE IZQ. Y DE TRABAJADORES - UNIDAD,15.0,2.52,UNION Y LIBERTAD,9.0,1.51,POLITICA OBRERA,7.0,1.17,UNION LIBERAL,6.0,1.01,PARTIDO TIEMPO DE TODOS,4.0,0.67,MOVIMIENTO AVANZADA SOCIALISTA,3.0,0.5,CONSTRUYENDO PORVENIR,3.0,0.5,VALORES REPUBLICANOS,2.0,0.34,FRENTE PATRIOTA FEDERAL,2.0,0.34,ES CON VOS ES CON NOSOTROS,0.0,0.0,PARTIDO LIBERTARIO,0.0,0.0,16.109999999999996,0.38781896966779,0.25688073394495414,10.055045871559633,16.339449541284402,8.155486377412092,"[8, 9)"
Inst.Sup.Formac.Tecnica N°191,19 DE MAYO 25,7PMJ+QC,INSTITUTO SUPERIOR DE FORMACION TÉCNICA Nº191,-38.715562500000004,-62.2689375,LA LIBERTAD AVANZA,442.0,51.64,FUERZA PATRIA,213.0,24.88,SOMOS BUENOS AIRES,82.0,9.58,FTE DE IZQ. Y DE TRABAJADORES - UNIDAD,37.0,4.32,POTENCIA,24.0,2.8,UNION Y LIBERTAD,18.0,2.1,VALORES REPUBLICANOS,13.0,1.52,POLITICA OBRERA,9.0,1.05,PARTIDO TIEMPO DE TODOS,6.0,0.7,CONSTRUYENDO PORVENIR,4.0,0.47,MOVIMIENTO AVANZADA SOCIALISTA,3.0,0.35,PARTIDO LIBERTARIO,2.0,0.23,UNION LIBERAL,2.0,0.23,FRENTE PATRIOTA FEDERAL,1.0,0.12,ES CON VOS ES CON NOSOTROS,0.0,0.0,26.76,0.6441983630235918,0.4055045871559633,11.244036697247706,18.271559633027522,8.29896293039276,"[8, 9)"
Instituto Don Bosco (es),VIEYTES 150,7PJJ+F2,INSTITUTO DON BOSCO,-38.7188125,-62.26993750000001,LA LIBERTAD AVANZA,918.0,52.28,FUERZA PATRIA,449.0,25.57,SOMOS BUENOS AIRES,162.0,9.23,FTE DE IZQ. Y DE TRABAJADORES - UNIDAD,90.0,5.13,POTENCIA,44.0,2.51,UNION Y LIBERTAD,22.0,1.25,VALORES REPUBLICANOS,20.0,1.14,POLITICA OBRERA,17.0,0.97,PARTIDO LIBERTARIO,10.0,0.57,UNION LIBERAL,8.0,0.46,MOVIMIENTO AVANZADA SOCIALISTA,6.0,0.34,CONSTRUYENDO PORVENIR,5.0,0.28,PARTIDO TIEMPO DE TODOS,3.0,0.17,FRENTE PATRIOTA FEDERAL,2.0,0.11,ES CON VOS ES CON NOSOTROS,0.0,0.0,26.71,0.6429947038998556,0.8422018348623853,14.737614678899082,23.94862385321101,8.211120470492759,"[8, 9)"
Instituto Superior De Formacion Docente Nº86 Cacique Valentin Sayhueque,AGUSTÍN DE ARRIETA 1255,7QH5+VM,INSTITUTO SUPERIOR DE FORMACIÓN DOCENTE Nº86 CACIQUE VALENTÍN SAYHUEQUE,-38.7203125,-62.240812500000004,LA LIBERTAD AVANZA,406.0,52.12,FUERZA PATRIA,214.0,27.47,SOMOS BUENOS AIRES,68.0,8.73,FTE DE IZQ. Y DE TRABAJADORES - UNIDAD,34.0,4.36,POTENCIA,20.0,2.57,VALORES REPUBLICANOS,15.0,1.93,MOVIMIENTO AVANZADA SOCIALISTA,6.0,0.77,UNION Y LIBERTAD,6.0,0.77,POLITICA OBRERA,6.0,0.77,CONSTRUYENDO PORVENIR,2.0,0.26,FRENTE PATRIOTA FEDERAL,2.0,0.26,ES CON VOS ES CON NOSOTROS,0.0,0.0,PARTIDO TIEMPO DE TODOS,0.0,0.0,PARTIDO LIBERTARIO,0.0,0.0,UNION LIBERAL,0.0,0.0,24.65,0.5934039480019259,0.3724770642201835,10.979816513761468,17.842201834862387,7.531960260090467,"[7, 8)"
Jardin De Infantes Cerezo,GÜEMES 1360,7PR7+9W,JARDÍN DE INFANTES CEREZO,-38.7090625,-62.2851875,LA LIBERTAD AVANZA,311.0,47.19,FUERZA PATRIA,199.0,30.2,SOMOS BUENOS AIRES,61.0,9.26,POTENCIA,25.0,3.79,UNION Y LIBERTAD,21.0,3.19,FTE DE IZQ. Y DE TRABAJADORES - UNIDAD,13.0,1.97,VALORES REPUBLICANOS,10.0,1.52,PARTIDO TIEMPO DE TODOS,8.0,1.21,POLITICA OBRERA,7.0,1.06,FRENTE PATRIOTA FEDERAL,3.0,0.46,MOVIMIENTO AVANZADA SOCIALISTA,1.0,0.15,CONSTRUYENDO PORVENIR,0.0,0.0,ES CON VOS ES CON NOSOTROS,0.0,0.0,PARTIDO LIBERTARIO,0.0,0.0,UNION LIBERAL,0.0,0.0,16.99,0.40900337024554645,0.2853211009174312,10.28256880733945,16.709174311926606,8.255134132504727,"[8, 9)"
Jardin De Infantes N° 941,MARTÍN GIL Y DI SARLI 2060 VISTA ALEGRE,7MMP+25,JARDÍN DE INFANTES Nº941 LUIS SANDRINI,-38.7174375,-62.3145625,LA LIBERTAD AVANZA,252.0,41.18,FUERZA PATRIA,227.0,37.09,SOMOS BUENOS AIRES,41.0,6.7,FTE DE IZQ. Y DE TRABAJADORES - UNIDAD,23.0,3.76,UNION Y LIBERTAD,22.0,3.59,POTENCIA,17.0,2.78,VALORES REPUBLICANOS,8.0,1.31,PARTIDO TIEMPO DE TODOS,7.0,1.14,MOVIMIENTO AVANZADA SOCIALISTA,6.0,0.98,POLITICA OBRERA,5.0,0.82,CONSTRUYENDO PORVENIR,3.0,0.49,FRENTE PATRIOTA FEDERAL,1.0,0.16,ES CON VOS ES CON NOSOTROS,0.0,0.0,PARTIDO LIBERTARIO,0.0,0.0,UNION LIBERAL,0.0,0.0,4.089999999999996,0.09845931632161763,0.23119266055045873,9.84954128440367,16.005504587155965,6.390560507679949,"[6, 7)"
Jardin De Infantes N°902,CORRIENTES E/ LAS HERAS Y SAYHUEQUE 316,7PMV+QJ,JARDÍN DE INFANTES Nº902 GABRIELA MISTRAL,-38.715562500000004,-62.2559375,LA LIBERTAD AVANZA,237.0,50.97,FUERZA PATRIA,150.0,32.26,SOMOS BUENOS AIRES,24.0,5.16,FTE DE IZQ. Y DE TRABAJADORES - UNIDAD,14.0,3.01,VALORES REPUBLICANOS,11.0,2.37,POTENCIA,8.0,1.72,FRENTE PATRIOTA FEDERAL,5.0,1.08,UNION Y LIBERTAD,5.0,1.08,PARTIDO TIEMPO DE TODOS,4.0,0.86,POLITICA OBRERA,4.0,0.86,MOVIMIENTO AVANZADA SOCIALISTA,2.0,0.43,CONSTRUYENDO PORVENIR,1.0,0.22,ES CON VOS ES CON NOSOTROS,0.0,0.0,PARTIDO LIBERTARIO,0.0,0.0,UNION LIBERAL,0.0,0.0,18.71,0.45040924410207034,0.21743119266055047,9.739449541284404,15.826605504587157,8.141849636505917,"[8, 9)"
Jardin De Infantes N°904,AV. LEANDRO N. ALEM 1198,7PWH+RW,JARDÍN DE INFANTES Nº904 ENRIQUE JULIO,-38.702937500000004,-62.2701875,LA LIBERTAD AVANZA,433.0,48.06,FUERZA PATRIA,250.0,27.75,SOMOS BUENOS AIRES,85.0,9.43,FTE DE IZQ. Y DE TRABAJADORES - UNIDAD,44.0,4.88,UNION Y LIBERTAD,22.0,2.44,POTENCIA,19.0,2.11,VALORES REPUBLICANOS,15.0,1.66,POLITICA OBRERA,14.0,1.55,UNION LIBERAL,6.0,0.67,MOVIMIENTO AVANZADA SOCIALISTA,4.0,0.44,CONSTRUYENDO PORVENIR,3.0,0.33,PARTIDO TIEMPO DE TODOS,3.0,0.33,FRENTE PATRIOTA FEDERAL,3.0,0.33,ES CON VOS ES CON NOSOTROS,0.0,0.0,PARTIDO LIBERTARIO,0.0,0.0,20.310000000000002,0.4889263360616274,0.39724770642201834,11.177981651376147,18.164220183486236,8.35840313122762,"[8, 9)"
Jardin De Infantes N°911,VENEZUELA Y SAAVEDRA 208,7Q63+6P,JARDÍN DE INFANTES Nº911 CORA LASPIUR DE PLUNKETT,-38.7394375,-62.2456875,LA LIBERTAD AVANZA,340.0,42.45,FUERZA PATRIA,274.0,34.21,SOMOS BUENOS AIRES,59.0,7.37,FTE DE IZQ. Y DE TRABAJADORES - UNIDAD,38.0,4.74,UNION Y LIBERTAD,25.0,3.12,POTENCIA,15.0,1.87,PARTIDO LIBERTARIO,13.0,1.62,POLITICA OBRERA,12.0,1.5,VALORES REPUBLICANOS,7.0,0.87,PARTIDO TIEMPO DE TODOS,5.0,0.62,MOVIMIENTO AVANZADA SOCIALISTA,4.0,0.5,CONSTRUYENDO PORVENIR,3.0,0.37,FRENTE PATRIOTA FEDERAL,3.0,0.37,UNION LIBERAL,3.0,0.37,ES CON VOS ES CON NOSOTROS,0.0,0.0,8.240000000000002,0.19836302359171887,0.3119266055045872,10.495412844036696,17.055045871559635,6.001238136857101,"[6, 7)"
Jardin De Infantes N°944,PARERA 254,7Q94+8H,JARDÍN DE INFANTES Nº944 DRA.ALICIA MOREAU DE JUSTO,-38.7316875,-62.243562499999996,LA LIBERTAD AVANZA,194.0,47.09,FUERZA PATRIA,135.0,32.77,SOMOS BUENOS AIRES,30.0,7.28,FTE DE IZQ. Y DE TRABAJADORES - UNIDAD,15.0,3.64,UNION Y LIBERTAD,12.0,2.91,POTENCIA,8.0,1.94,VALORES REPUBLICANOS,7.0,1.7,POLITICA OBRERA,5.0,1.21,PARTIDO TIEMPO DE TODOS,2.0,0.49,UNION LIBERAL,2.0,0.49,CONSTRUYENDO PORVENIR,1.0,0.24,MOVIMIENTO AVANZADA SOCIALISTA,1.0,0.24,FRENTE PATRIOTA FEDERAL,0.0,0.0,ES CON VOS ES CON NOSOTROS,0.0,0.0,PARTIDO LIBERTARIO,0.0,0.0,14.32,0.34472797303803565,0.1779816513761468,9.423853211009174,15.313761467889908,7.745836942354797,"[7, 8)"
Jardin De Infantes N°948,"B1751 Bahía Blanca, Provincia de Buenos Aires",8M55+QC,JARDÍN DE INFANTES Nº948 PETRONA HIGUILOR DE BORDEAU,-38.6905625,-62.34143750000001,LA LIBERTAD AVANZA,86.0,47.25,FUERZA PATRIA,63.0,34.62,SOMOS BUENOS AIRES,9.0,4.95,POTENCIA,5.0,2.75,FTE DE IZQ. Y DE TRABAJADORES - UNIDAD,5.0,2.75,POLITICA OBRERA,4.0,2.2,VALORES REPUBLICANOS,4.0,2.2,UNION Y LIBERTAD,2.0,1.1,MOVIMIENTO AVANZADA SOCIALISTA,2.0,1.1,FRENTE PATRIOTA FEDERAL,1.0,0.55,PARTIDO TIEMPO DE TODOS,1.0,0.55,CONSTRUYENDO PORVENIR,0.0,0.0,ES CON VOS ES CON NOSOTROS,0.0,0.0,PARTIDO LIBERTARIO,0.0,0.0,UNION LIBERAL,0.0,0.0,12.630000000000003,0.30404429465575356,0.07889908256880734,8.63119266055046,14.025688073394495,6.982544308623834,"[6, 7)"
Jardin De Infantes N°949,CASTELLI 2745,8M2X+9W,JARDÍN DE INFANTES Nº949 DR. RENE FAVALORO,-38.69906250000001,-62.3001875,LA LIBERTAD AVANZA,337.0,49.34,FUERZA PATRIA,198.0,28.99,SOMOS BUENOS AIRES,60.0,8.78,FTE DE IZQ. Y DE TRABAJADORES - UNIDAD,21.0,3.07,POTENCIA,15.0,2.2,UNION Y LIBERTAD,14.0,2.05,VALORES REPUBLICANOS,11.0,1.61,POLITICA OBRERA,9.0,1.32,UNION LIBERAL,6.0,0.88,MOVIMIENTO AVANZADA SOCIALISTA,4.0,0.59,CONSTRUYENDO PORVENIR,4.0,0.59,PARTIDO TIEMPO DE TODOS,2.0,0.29,FRENTE PATRIOTA FEDERAL,2.0,0.29,ES CON VOS ES CON NOSOTROS,0.0,0.0,PARTIDO LIBERTARIO,0.0,0.0,20.350000000000005,0.4898892633606164,0.3091743119266055,10.473394495412844,17.019266055045872,7.366016669578201,"[7, 8)"
Jardin De Infantes N°951,BAIGORRIA Y SOR JUANA INES DE LA CRUZ 3800 BARRIO 12 DE OCTUBRE,7Q7R+36,JARDÍN DE INFANTES Nº951,-38.7373125,-62.2094375,LA LIBERTAD AVANZA,171.0,43.85,FUERZA PATRIA,131.0,33.59,SOMOS BUENOS AIRES,31.0,7.95,FTE DE IZQ. Y DE TRABAJADORES - UNIDAD,21.0,5.38,UNION Y LIBERTAD,12.0,3.08,POLITICA OBRERA,10.0,2.56,MOVIMIENTO AVANZADA SOCIALISTA,3.0,0.77,POTENCIA,3.0,0.77,UNION LIBERAL,2.0,0.51,VALORES REPUBLICANOS,2.0,0.51,PARTIDO TIEMPO DE TODOS,2.0,0.51,CONSTRUYENDO PORVENIR,1.0,0.26,FRENTE PATRIOTA FEDERAL,1.0,0.26,ES CON VOS ES CON NOSOTROS,0.0,0.0,PARTIDO LIBERTARIO,0.0,0.0,10.259999999999998,0.24699085219065955,0.15688073394495414,9.255045871559632,15.039449541284403,7.222223699803534,"[7, 8)"
Jardin De Infantes N°960,SAAVEDRA 2517 BARRIO VILLA ROSARIO,7Q55+37,JARDÍN DE INFANTES N°960,-38.74231250000001,-62.2418125,LA LIBERTAD AVANZA,162.0,40.3,FUERZA PATRIA,133.0,33.08,SOMOS BUENOS AIRES,38.0,9.45,FTE DE IZQ. Y DE TRABAJADORES - UNIDAD,16.0,3.98,VALORES REPUBLICANOS,14.0,3.48,UNION Y LIBERTAD,11.0,2.74,POTENCIA,11.0,2.74,POLITICA OBRERA,10.0,2.49,FRENTE PATRIOTA FEDERAL,3.0,0.75,MOVIMIENTO AVANZADA SOCIALISTA,2.0,0.5,CONSTRUYENDO PORVENIR,1.0,0.25,PARTIDO TIEMPO DE TODOS,1.0,0.25,ES CON VOS ES CON NOSOTROS,0.0,0.0,PARTIDO LIBERTARIO,0.0,0.0,UNION LIBERAL,0.0,0.0,7.219999999999999,0.1738083774675012,0.14862385321100918,9.188990825688073,14.93211009174312,6.096947683922359,"[6, 7)"
Municipalidad Bahia Blanca,ALSINA 65,7PJP+M8,MUNICIPALIDAD BAHÍA BLANCA,-38.718312499999996,-62.2641875,LA LIBERTAD AVANZA,427.0,49.59,FUERZA PATRIA,233.0,27.06,SOMOS BUENOS AIRES,96.0,11.15,FTE DE IZQ. Y DE TRABAJADORES - UNIDAD,38.0,4.41,POTENCIA,23.0,2.67,VALORES REPUBLICANOS,12.0,1.39,UNION Y LIBERTAD,9.0,1.05,POLITICA OBRERA,8.0,0.93,UNION LIBERAL,5.0,0.58,MOVIMIENTO AVANZADA SOCIALISTA,3.0,0.35,CONSTRUYENDO PORVENIR,3.0,0.35,PARTIDO LIBERTARIO,2.0,0.23,PARTIDO TIEMPO DE TODOS,2.0,0.23,ES CON VOS ES CON NOSOTROS,0.0,0.0,FRENTE PATRIOTA FEDERAL,0.0,0.0,22.530000000000005,0.5423688011555129,0.39174311926605504,11.13394495412844,18.092660550458717,8.347392682656753,"[8, 9)"
Universidad Nacional Del Sur Dep. Ingenieria,AV. LEANDRO NICEFORO ALEM 1253,7PXH+8W,DEPARTAMENTO DE INGENIERÍA UNIVERSIDAD NACIONAL DEL SUR,-38.7016875,-62.2701875,LA LIBERTAD AVANZA,896.0,49.86,FUERZA PATRIA,446.0,24.82,SOMOS BUENOS AIRES,186.0,10.35,FTE DE IZQ. Y DE TRABAJADORES - UNIDAD,92.0,5.12,POTENCIA,48.0,2.67,VALORES REPUBLICANOS,35.0,1.95,UNION Y LIBERTAD,27.0,1.5,POLITICA OBRERA,26.0,1.45,UNION LIBERAL,15.0,0.83,FRENTE PATRIOTA FEDERAL,10.0,0.56,MOVIMIENTO AVANZADA SOCIALISTA,7.0,0.39,PARTIDO TIEMPO DE TODOS,7.0,0.39,CONSTRUYENDO PORVENIR,2.0,0.11,ES CON VOS ES CON NOSOTROS,0.0,0.0,PARTIDO LIBERTARIO,0.0,0.0,25.04,0.6027924891670678,0.8220183486238533,14.576146788990826,23.686238532110092,8.571297078700667,"[8, 9)"
Escuela Ep N°19,M.ARDOHAIN E/ CHACABUCO Y MAIPU 24,G482+WH,ESCUELA DE EDUCACIÓN PRIMARIA Nº19 REMEDIOS DE ESCALADA DE SAN MARTIN,-38.48268750000001,-61.89856250000001,LA LIBERTAD AVANZA,293.0,46.66,FUERZA PATRIA,143.0,22.77,SOMOS BUENOS AIRES,120.0,19.11,FTE DE IZQ. Y DE TRABAJADORES - UNIDAD,24.0,3.82,VALORES REPUBLICANOS,19.0,3.03,POLITICA OBRERA,9.0,1.43,POTENCIA,7.0,1.11,UNION Y LIBERTAD,3.0,0.48,PARTIDO TIEMPO DE TODOS,3.0,0.48,MOVIMIENTO AVANZADA SOCIALISTA,3.0,0.48,CONSTRUYENDO PORVENIR,3.0,0.48,FRENTE PATRIOTA FEDERAL,1.0,0.16,ES CON VOS ES CON NOSOTROS,0.0,0.0,PARTIDO LIBERTARIO,0.0,0.0,UNION LIBERAL,0.0,0.0,23.889999999999997,0.5751083293211362,0.26880733944954127,10.15045871559633,16.494495412844035,7.176929220169749,"[7, 8)"
Escuela Ep N°27,LAS HERAS ESQ. AV. SAAVEDRA 8,G474+MM,ESCUELA DE EDUCACIÓN PRIMARIA Nº27 INDEPENDENCIA,-38.4858125,-61.8933125,LA LIBERTAD AVANZA,265.0,47.66,FUERZA PATRIA,137.0,24.64,SOMOS BUENOS AIRES,101.0,18.17,FTE DE IZQ. Y DE TRABAJADORES - UNIDAD,13.0,2.34,UNION Y LIBERTAD,10.0,1.8,POLITICA OBRERA,7.0,1.26,PARTIDO TIEMPO DE TODOS,6.0,1.08,VALORES REPUBLICANOS,6.0,1.08,POTENCIA,5.0,0.9,MOVIMIENTO AVANZADA SOCIALISTA,5.0,0.9,CONSTRUYENDO PORVENIR,1.0,0.18,ES CON VOS ES CON NOSOTROS,0.0,0.0,FRENTE PATRIOTA FEDERAL,0.0,0.0,PARTIDO LIBERTARIO,0.0,0.0,UNION LIBERAL,0.0,0.0,23.019999999999996,0.5541646605681271,0.24311926605504589,9.944954128440367,16.160550458715598,7.580617965750328,"[7, 8)"
Escuela Ep N°10,PERNICI ESQ.GURRUCHAGA CUATRERO VIEJO,7HRR+98,ESCUELA DE EDUCACIÓN PRIMARIA Nº10 GENERAL DANIEL CERRI,-38.7090625,-62.4091875,LA LIBERTAD AVANZA,673.0,42.25,FUERZA PATRIA,500.0,31.39,SOMOS BUENOS AIRES,149.0,9.35,VALORES REPUBLICANOS,97.0,6.09,FTE DE IZQ. Y DE TRABAJADORES - UNIDAD,50.0,3.14,UNION Y LIBERTAD,37.0,2.32,POLITICA OBRERA,24.0,1.51,POTENCIA,18.0,1.13,CONSTRUYENDO PORVENIR,17.0,1.07,PARTIDO TIEMPO DE TODOS,13.0,0.82,MOVIMIENTO AVANZADA SOCIALISTA,11.0,0.69,FRENTE PATRIOTA FEDERAL,4.0,0.25,ES CON VOS ES CON NOSOTROS,0.0,0.0,PARTIDO LIBERTARIO,0.0,0.0,UNION LIBERAL,0.0,0.0,10.86,0.2614347616754935,0.6174311926605505,12.939449541284404,21.026605504587156,6.816091638240018,"[6, 7)"
Escuela Es N°7,25 DE MAYO Y BOZZANO,7JH7+H2,ESCUELA DE EDUCACIÓN SECUNDARIA Nº7 FORTÍN CUATREROS,-38.7210625,-62.387437500000004,LA LIBERTAD AVANZA,898.0,45.33,FUERZA PATRIA,574.0,28.98,SOMOS BUENOS AIRES,192.0,9.69,VALORES REPUBLICANOS,99.0,5.0,FTE DE IZQ. Y DE TRABAJADORES - UNIDAD,73.0,3.69,UNION Y LIBERTAD,57.0,2.88,POTENCIA,30.0,1.51,MOVIMIENTO AVANZADA SOCIALISTA,18.0,0.91,POLITICA OBRERA,16.0,0.81,PARTIDO TIEMPO DE TODOS,10.0,0.5,CONSTRUYENDO PORVENIR,7.0,0.35,FRENTE PATRIOTA FEDERAL,7.0,0.35,ES CON VOS ES CON NOSOTROS,0.0,0.0,PARTIDO LIBERTARIO,0.0,0.0,UNION LIBERAL,0.0,0.0,16.349999999999998,0.3935965334617236,0.8238532110091743,14.590825688073394,23.710091743119264,7.291042780804306,"[7, 8)"
Escuela Ep N°35/es N° 46,SCHIAFFINO E/ LA RIOJA Y SAN LUCAS 1324 GRUNBEIN,6RWF+86,ESCUELA DE EDUCACIÓN PRIMARIA Nº35 COMANDANTE ESPORA,-38.7541875,-62.1769375,LA LIBERTAD AVANZA,579.0,47.0,FUERZA PATRIA,397.0,32.22,SOMOS BUENOS AIRES,96.0,7.79,FTE DE IZQ. Y DE TRABAJADORES - UNIDAD,45.0,3.65,VALORES REPUBLICANOS,29.0,2.35,UNION Y LIBERTAD,24.0,1.95,POLITICA OBRERA,23.0,1.87,POTENCIA,21.0,1.7,MOVIMIENTO AVANZADA SOCIALISTA,8.0,0.65,FRENTE PATRIOTA FEDERAL,4.0,0.32,PARTIDO TIEMPO DE TODOS,4.0,0.32,CONSTRUYENDO PORVENIR,2.0,0.16,ES CON VOS ES CON NOSOTROS,0.0,0.0,PARTIDO LIBERTARIO,0.0,0.0,UNION LIBERAL,0.0,0.0,14.780000000000001,0.3558016369764083,0.5311926605504587,12.24954128440367,19.905504587155963,7.113876766346007,"[7, 8)"
Escuela Ep N°68,LUIS AGOTE GRUNBEIN,7R5H+JW,ESCUELA Nº68 - COMANDANTE ESPORA,-38.7409375,-62.17018750000001,LA LIBERTAD AVANZA,879.0,48.09,FUERZA PATRIA,579.0,31.67,SOMOS BUENOS AIRES,129.0,7.06,FTE DE IZQ. Y DE TRABAJADORES - UNIDAD,63.0,3.45,POTENCIA,36.0,1.97,VALORES REPUBLICANOS,36.0,1.97,POLITICA OBRERA,34.0,1.86,UNION Y LIBERTAD,32.0,1.75,PARTIDO TIEMPO DE TODOS,12.0,0.66,MOVIMIENTO AVANZADA SOCIALISTA,11.0,0.6,FRENTE PATRIOTA FEDERAL,9.0,0.49,CONSTRUYENDO PORVENIR,8.0,0.44,ES CON VOS ES CON NOSOTROS,0.0,0.0,PARTIDO LIBERTARIO,0.0,0.0,UNION LIBERAL,0.0,0.0,16.42,0.3952816562349543,0.8064220183486238,14.451376146788991,23.48348623853211,7.601697850739058,"[7, 8)"
Colegio Presidente Sarmiento,JOSÉ SISCO 3547,6P9M+CH,COLEGIO PRESIDENTE SARMIENTO,-38.781437499999996,-62.266062500000004,FUERZA PATRIA,425.0,41.42,LA LIBERTAD AVANZA,406.0,39.57,SOMOS BUENOS AIRES,54.0,5.26,FTE DE IZQ. Y DE TRABAJADORES - UNIDAD,47.0,4.58,UNION Y LIBERTAD,23.0,2.24,POLITICA OBRERA,21.0,2.05,POTENCIA,17.0,1.66,VALORES REPUBLICANOS,16.0,1.56,MOVIMIENTO AVANZADA SOCIALISTA,7.0,0.68,CONSTRUYENDO PORVENIR,5.0,0.49,PARTIDO TIEMPO DE TODOS,4.0,0.39,FRENTE PATRIOTA FEDERAL,1.0,0.1,ES CON VOS ES CON NOSOTROS,0.0,0.0,PARTIDO LIBERTARIO,0.0,0.0,UNION LIBERAL,0.0,0.0,1.8500000000000014,0.04453538757823788,0.38990825688073394,11.119266055045872,18.068807339449542,6.580016071154264,"[6, 7)"
Escuela Ep N°13,BRIHUEGA 3480,6PCP+RP,ESCUELA DE EDUCACIÓN PRIMARIA Nº13 RUY BARBOSA,-38.7779375,-62.2631875,FUERZA PATRIA,337.0,44.11,LA LIBERTAD AVANZA,272.0,35.6,SOMOS BUENOS AIRES,54.0,7.07,FTE DE IZQ. Y DE TRABAJADORES - UNIDAD,28.0,3.66,POLITICA OBRERA,18.0,2.36,POTENCIA,17.0,2.23,VALORES REPUBLICANOS,15.0,1.96,UNION Y LIBERTAD,10.0,1.31,CONSTRUYENDO PORVENIR,5.0,0.65,MOVIMIENTO AVANZADA SOCIALISTA,3.0,0.39,PARTIDO TIEMPO DE TODOS,3.0,0.39,UNION LIBERAL,1.0,0.13,FRENTE PATRIOTA FEDERAL,1.0,0.13,ES CON VOS ES CON NOSOTROS,0.0,0.0,PARTIDO LIBERTARIO,0.0,0.0,8.509999999999998,0.20486278285989404,0.3091743119266055,10.473394495412844,17.019266055045872,6.580016071154264,"[6, 7)"
Escuela Ep N°15,SICHES E/ BROWN Y CARRECA 4048,6P7J+MX,ESCUELA DE EDUCACIÓN PRIMARIA Nº15 STELLA MARIS,-38.7858125,-62.26756250000001,FUERZA PATRIA,312.0,40.73,LA LIBERTAD AVANZA,275.0,35.9,SOMOS BUENOS AIRES,60.0,7.83,FTE DE IZQ. Y DE TRABAJADORES - UNIDAD,41.0,5.35,UNION Y LIBERTAD,23.0,3.0,FRENTE PATRIOTA FEDERAL,16.0,2.09,VALORES REPUBLICANOS,14.0,1.83,POLITICA OBRERA,10.0,1.31,POTENCIA,6.0,0.78,PARTIDO TIEMPO DE TODOS,4.0,0.52,CONSTRUYENDO PORVENIR,3.0,0.39,MOVIMIENTO AVANZADA SOCIALISTA,2.0,0.26,ES CON VOS ES CON NOSOTROS,0.0,0.0,PARTIDO LIBERTARIO,0.0,0.0,UNION LIBERAL,0.0,0.0,4.829999999999998,0.11627347135291281,0.28623853211009176,10.289908256880734,16.721100917431194,6.702339836061681,"[6, 7)"
Escuela Ep N°21,BRIHUEGA ESQ. CANNING 3902 BOULEVARD JUSTO,6P9V+22,ESCUELA DE EDUCACIÓN PRIMARIA Nº21 PAULA ALBARRACIN DE SARMIENTO,-38.7824375,-62.2574375,FUERZA PATRIA,500.0,43.67,LA LIBERTAD AVANZA,410.0,35.81,SOMOS BUENOS AIRES,75.0,6.55,FTE DE IZQ. Y DE TRABAJADORES - UNIDAD,49.0,4.28,UNION Y LIBERTAD,29.0,2.53,POLITICA OBRERA,20.0,1.75,VALORES REPUBLICANOS,19.0,1.66,POTENCIA,17.0,1.48,CONSTRUYENDO PORVENIR,10.0,0.87,MOVIMIENTO AVANZADA SOCIALISTA,9.0,0.79,PARTIDO TIEMPO DE TODOS,5.0,0.44,FRENTE PATRIOTA FEDERAL,2.0,0.17,ES CON VOS ES CON NOSOTROS,0.0,0.0,PARTIDO LIBERTARIO,0.0,0.0,UNION LIBERAL,0.0,0.0,7.859999999999999,0.189215214251324,0.45871559633027525,11.669724770642201,18.96330275229358,6.523412493059459,"[6, 7)"
Escuela Ep N°58,BRIHUEGA E/ I.LA CATOLICAY PICCIOLI 2466,6PJF+FW,ESCUELA DE EDUCACIÓN PRIMARIA Nº58 DIA DEL CAMINO,-38.768812499999996,-62.2751875,,,,,,,,,,,,,,,,,,,,,,,,,,,,,,,,,,,,,,,,,,,,,,,,,8.0,8.0,6.977612522409883,"[6, 7)"
Escuela Es N°1,AVDA. SANTIAGO DASSO Y LAUTARO,6PFH+RQ,ESCUELA DE EDUCACIÓN SECUNDARIA Nº1 GRAL. ENRIQUE MOSCONI,-38.775437499999995,-62.27056250000001,FUERZA PATRIA,253.0,46.17,LA LIBERTAD AVANZA,176.0,32.12,SOMOS BUENOS AIRES,47.0,8.58,FTE DE IZQ. Y DE TRABAJADORES - UNIDAD,29.0,5.29,VALORES REPUBLICANOS,11.0,2.01,UNION Y LIBERTAD,9.0,1.64,POTENCIA,8.0,1.46,POLITICA OBRERA,6.0,1.09,PARTIDO TIEMPO DE TODOS,3.0,0.55,CONSTRUYENDO PORVENIR,3.0,0.55,FRENTE PATRIOTA FEDERAL,2.0,0.36,UNION LIBERAL,1.0,0.18,ES CON VOS ES CON NOSOTROS,0.0,0.0,MOVIMIENTO AVANZADA SOCIALISTA,0.0,0.0,PARTIDO LIBERTARIO,0.0,0.0,14.050000000000004,0.3382282137698605,0.23211009174311928,9.856880733944955,16.017431192660553,6.881147120512976,"[6, 7)"
Escuela Ep N°33,MALHARRO 3500 VILLA HARDING GREEN,7RJ5+94,ESCUELA DE EDUCACIÓN PRIMARIA Nº33 CAPITAN DE NAVIO LUIS MAURETTE,-38.7190625,-62.1921875,LA LIBERTAD AVANZA,641.0,45.3,FUERZA PATRIA,464.0,32.79,SOMOS BUENOS AIRES,111.0,7.84,FTE DE IZQ. Y DE TRABAJADORES - UNIDAD,55.0,3.89,POTENCIA,36.0,2.54,UNION Y LIBERTAD,30.0,2.12,POLITICA OBRERA,26.0,1.84,VALORES REPUBLICANOS,24.0,1.7,FRENTE PATRIOTA FEDERAL,9.0,0.64,MOVIMIENTO AVANZADA SOCIALISTA,6.0,0.42,CONSTRUYENDO PORVENIR,5.0,0.35,PARTIDO TIEMPO DE TODOS,5.0,0.35,UNION LIBERAL,3.0,0.21,ES CON VOS ES CON NOSOTROS,0.0,0.0,PARTIDO LIBERTARIO,0.0,0.0,12.509999999999998,0.30115551275878666,0.5880733944954128,12.704587155963303,20.644954128440368,6.321924545481213,"[6, 7)"
Escuela Ep N°60/es N° 41,HUMBOLDT E/ FOURNIER Y PUNTA ALTA 2105,7QF9+CV,ESCUELA DE EDUCACIÓN PRIMARIA Nº60 JUAN CARLOS MIRANDA,-38.7264375,-62.23031250000001,LA LIBERTAD AVANZA,861.0,45.92,FUERZA PATRIA,587.0,31.31,SOMOS BUENOS AIRES,144.0,7.68,FTE DE IZQ. Y DE TRABAJADORES - UNIDAD,89.0,4.75,POTENCIA,48.0,2.56,POLITICA OBRERA,41.0,2.19,UNION Y LIBERTAD,34.0,1.81,VALORES REPUBLICANOS,22.0,1.17,PARTIDO LIBERTARIO,13.0,0.69,PARTIDO TIEMPO DE TODOS,8.0,0.43,MOVIMIENTO AVANZADA SOCIALISTA,8.0,0.43,FRENTE PATRIOTA FEDERAL,7.0,0.37,UNION LIBERAL,7.0,0.37,CONSTRUYENDO PORVENIR,6.0,0.32,ES CON VOS ES CON NOSOTROS,0.0,0.0,14.610000000000003,0.35170919595570543,0.789908256880734,14.319266055045873,23.26880733944954,7.429624005309281,"[7, 8)"
Escuela Ep N°73,MISIONEROS 686,7Q79+JW,ESCUELA DE EDUCACIÓN PRIMARIA Nº73 ROBERTO J. PAYRO,-38.7359375,-62.2301875,LA LIBERTAD AVANZA,696.0,42.41,FUERZA PATRIA,580.0,35.34,SOMOS BUENOS AIRES,131.0,7.98,FTE DE IZQ. Y DE TRABAJADORES - UNIDAD,82.0,5.0,UNION Y LIBERTAD,37.0,2.25,POTENCIA,28.0,1.71,VALORES REPUBLICANOS,24.0,1.46,POLITICA OBRERA,21.0,1.28,PARTIDO LIBERTARIO,13.0,0.79,CONSTRUYENDO PORVENIR,9.0,0.55,MOVIMIENTO AVANZADA SOCIALISTA,7.0,0.43,PARTIDO TIEMPO DE TODOS,7.0,0.43,FRENTE PATRIOTA FEDERAL,6.0,0.37,ES CON VOS ES CON NOSOTROS,0.0,0.0,UNION LIBERAL,0.0,0.0,7.069999999999993,0.17019740009629256,0.6385321100917432,13.108256880733945,21.30091743119266,7.606733065069459,"[7, 8)"
Escuela Es N°27,QUINQUELA MARTÍN 3925 VILLA HARDING GREEN,7RM5+3G,ESCUELA DE EDUCACIÓN SECUNDARIA Nº27,-38.7173125,-62.1911875,LA LIBERTAD AVANZA,404.0,43.53,FUERZA PATRIA,312.0,33.62,SOMOS BUENOS AIRES,84.0,9.05,FTE DE IZQ. Y DE TRABAJADORES - UNIDAD,56.0,6.03,POTENCIA,24.0,2.59,UNION Y LIBERTAD,23.0,2.48,POLITICA OBRERA,7.0,0.75,VALORES REPUBLICANOS,5.0,0.54,PARTIDO TIEMPO DE TODOS,5.0,0.54,MOVIMIENTO AVANZADA SOCIALISTA,4.0,0.43,FRENTE PATRIOTA FEDERAL,4.0,0.43,CONSTRUYENDO PORVENIR,0.0,0.0,ES CON VOS ES CON NOSOTROS,0.0,0.0,PARTIDO LIBERTARIO,0.0,0.0,UNION LIBERAL,0.0,0.0,9.910000000000004,0.2385652383245066,0.3706422018348624,10.965137614678898,17.81834862385321,6.844789826183243,"[6, 7)"
Escuela San Francisco De Asis,GODOY CRUZ E/CASTELAR Y ALBERDI 455,7Q77+QV,ESCUELA SAN FRANCISCO DE ASIS,-38.7355625,-62.2353125,LA LIBERTAD AVANZA,850.0,42.37,FUERZA PATRIA,622.0,31.01,SOMOS BUENOS AIRES,166.0,8.28,UNION Y LIBERTAD,131.0,6.53,FTE DE IZQ. Y DE TRABAJADORES - UNIDAD,99.0,4.94,POTENCIA,58.0,2.89,POLITICA OBRERA,23.0,1.15,VALORES REPUBLICANOS,18.0,0.9,UNION LIBERAL,10.0,0.5,CONSTRUYENDO PORVENIR,9.0,0.45,PARTIDO TIEMPO DE TODOS,8.0,0.4,FRENTE PATRIOTA FEDERAL,7.0,0.35,MOVIMIENTO AVANZADA SOCIALISTA,5.0,0.25,ES CON VOS ES CON NOSOTROS,0.0,0.0,PARTIDO LIBERTARIO,0.0,0.0,11.359999999999996,0.27347135291285496,0.7798165137614679,14.238532110091743,23.137614678899084,7.602995356854665,"[7, 8)"
